	acc_per	loss	epochs	df_test_%	positives	count	mean	std	min	25%	50%	60%	70%	75%	80%	85%	86%	87%	88%	89%	90%	91%	92%	93%	94%	95%	96%	97%	98%	max
TFm_UBER_neg_vgood16_mult_28	73.26	0.54	24.0	13.2	14.0	278.0	0.4589	0.1835	0.1241	0.3249	0.4074	0.4573	0.5278	0.5888	0.619	0.6682	0.675	0.6826	0.6923	0.7014	0.7237	0.7285	0.7425	0.758	0.7983	0.8573	0.886	0.9	0.9315	0.9863
TFm_UBER_neg_vgood16_mult_28_per	-1.0	-1.0	-1.0	-1.0	-1.0	-1.0	-1.0	-1.0	-1.0	4.81	6.47	8.11	9.52	8.57	8.93	9.52	10.26	10.81	11.76	12.9	14.29	12.0	13.04	15.0	11.76	7.14	8.33	11.11	16.67	-1.0
TFm_UBER_neg_vgood16_mult_128	82.17	0.41	11.0	11.7	14.0	278.0	0.5077	0.1868	0.1416	0.3668	0.4592	0.5237	0.5969	0.6326	0.6719	0.703	0.7225	0.7562	0.7713	0.7785	0.7831	0.7953	0.8092	0.8379	0.8696	0.8903	0.903	0.9199	0.9391	0.9917
TFm_UBER_neg_vgood16_mult_128_per	-1.0	-1.0	-1.0	-1.0	-1.0	-1.0	-1.0	-1.0	-1.0	6.25	6.47	8.11	5.95	7.14	7.14	9.52	10.26	10.81	11.76	12.9	10.71	12.0	13.04	10.0	11.76	7.14	8.33	11.11	16.67	-1.0
TFm_UBER_neg_vgood16__simp_cordo	61.11	0.66	10.0	10.8	14.0	278.0	0.5311	0.0663	0.4127	0.4837	0.5105	0.5296	0.5435	0.5515	0.5622	0.6359	0.6382	0.6425	0.6449	0.6472	0.6492	0.6509	0.6524	0.6542	0.6571	0.6632	0.671	0.6728	0.6832	0.7253
TFm_UBER_neg_vgood16__simp_cordo_per	-1.0	-1.0	-1.0	-1.0	-1.0	-1.0	-1.0	-1.0	-1.0	5.29	5.76	7.21	8.24	8.57	10.71	11.9	12.82	13.89	14.71	12.9	10.71	8.0	8.7	10.0	11.76	14.29	16.67	11.11	16.67	-1.0
TFm_UBER_neg_vgood16_mult_linear	62.21	0.65	12.0	13.7	14.0	278.0	0.5164	0.108	0.3451	0.4404	0.4747	0.4917	0.5304	0.5562	0.5977	0.6747	0.6786	0.6806	0.6838	0.6888	0.6956	0.6981	0.7048	0.7111	0.7154	0.7182	0.7313	0.7508	0.7895	0.9211
TFm_UBER_neg_vgood16_mult_linear_per	-1.0	-1.0	-1.0	-1.0	-1.0	-1.0	-1.0	-1.0	-1.0	5.77	6.47	8.11	9.52	10.0	10.71	14.29	12.82	13.51	14.71	12.9	14.29	12.0	13.04	15.0	17.65	14.29	16.67	22.22	16.67	-1.0
TFm_UBER_neg_vgood16_mult_dense2	70.16	0.58	13.0	12.0	14.0	278.0	0.5387	0.1323	0.2559	0.4465	0.4853	0.512	0.5562	0.5962	0.6474	0.7363	0.7397	0.7484	0.755	0.764	0.7699	0.7706	0.7741	0.7757	0.7826	0.7923	0.8035	0.8171	0.857	0.9463
TFm_UBER_neg_vgood16_mult_dense2_per	-1.0	-1.0	-1.0	-1.0	-1.0	-1.0	-1.0	-1.0	-1.0	5.29	6.47	7.21	8.33	8.57	10.71	14.29	15.38	16.22	14.71	12.9	13.79	12.0	8.7	10.0	11.76	14.29	16.67	22.22	33.33	-1.0
TFm_UBER_neg_vgood16_mult_lstm	84.82	0.34	17.0	22.0	14.0	278.0	0.5864	0.2335	0.0024	0.4663	0.6046	0.6521	0.7172	0.7474	0.7792	0.842	0.8474	0.8656	0.8761	0.8854	0.8897	0.895	0.9108	0.925	0.9328	0.9404	0.9511	0.9584	0.9649	0.9943
TFm_UBER_neg_vgood16_mult_lstm_per	-1.0	-1.0	-1.0	-1.0	-1.0	-1.0	-1.0	-1.0	-1.0	6.25	7.25	8.11	10.71	12.86	12.5	16.67	17.95	18.92	20.59	19.35	21.43	24.0	21.74	25.0	29.41	28.57	33.33	44.44	33.33	-1.0
TFm_UBER_neg_vgood16__mult_gru	70.16	0.55	8.0	7.7	14.0	278.0	0.6018	0.0804	0.5032	0.5469	0.5794	0.5874	0.5983	0.6038	0.6154	0.7474	0.7499	0.7546	0.7563	0.7575	0.7587	0.7605	0.764	0.7669	0.7693	0.7709	0.7724	0.7759	0.7852	0.8146
TFm_UBER_neg_vgood16__mult_gru_per	-1.0	-1.0	-1.0	-1.0	-1.0	-1.0	-1.0	-1.0	-1.0	5.29	5.76	6.31	7.14	8.7	10.71	11.9	10.26	8.33	5.88	6.25	7.14	8.0	8.7	10.0	11.76	7.14	8.33	11.11	16.67	-1.0
TFm_UBER_neg_good9_mult_28	82.3	0.44	8.0	9.0	13.0	270.0	0.4797	0.1124	0.2206	0.4031	0.4881	0.517	0.5537	0.5635	0.5753	0.5899	0.5932	0.5958	0.6017	0.6062	0.6083	0.6208	0.6359	0.6452	0.6541	0.6672	0.6704	0.6769	0.6836	0.723
TFm_UBER_neg_good9_mult_28_per	-1.0	-1.0	-1.0	-1.0	-1.0	-1.0	-1.0	-1.0	-1.0	5.94	5.93	4.63	3.7	4.41	5.56	7.32	7.89	8.33	9.09	10.0	7.41	8.0	9.09	10.53	11.76	14.29	9.09	11.11	16.67	-1.0
TFm_UBER_neg_good9_mult_64	88.77	0.29	12.0	13.7	13.0	270.0	0.5389	0.1888	0.0855	0.396	0.5379	0.606	0.6652	0.6857	0.723	0.7539	0.7597	0.7678	0.7701	0.7809	0.7893	0.797	0.7988	0.8078	0.8172	0.8217	0.8291	0.8513	0.863	0.9208
TFm_UBER_neg_good9_mult_64_per	-1.0	-1.0	-1.0	-1.0	-1.0	-1.0	-1.0	-1.0	-1.0	4.95	5.19	5.56	6.17	7.35	9.26	9.76	10.53	11.43	12.12	13.33	14.81	12.5	13.64	15.79	17.65	21.43	27.27	33.33	50.0	-1.0
TFm_UBER_neg_good9_mult_128	93.73	0.18	9.0	19.0	13.0	270.0	0.5121	0.2082	0.1181	0.3304	0.526	0.5924	0.6506	0.6697	0.7106	0.7419	0.7448	0.7468	0.754	0.7663	0.7791	0.7859	0.7926	0.8189	0.8339	0.8447	0.8519	0.8665	0.901	0.9606
TFm_UBER_neg_good9_mult_128_per	-1.0	-1.0	-1.0	-1.0	-1.0	-1.0	-1.0	-1.0	-1.0	6.44	8.89	7.41	8.64	10.29	12.96	14.63	13.16	14.29	15.15	16.67	18.52	20.0	22.73	21.05	23.53	21.43	18.18	22.22	33.33	-1.0
TFm_UBER_neg_good9_mult_conv2	96.04	0.1	14.0	15.1	13.0	270.0	0.5574	0.3096	0.007	0.2733	0.6477	0.723	0.7978	0.8226	0.8537	0.8815	0.8949	0.9006	0.9067	0.914	0.9238	0.9295	0.9317	0.9353	0.9477	0.9527	0.958	0.965	0.9777	0.998
TFm_UBER_neg_good9_mult_conv2_per	-1.0	-1.0	-1.0	-1.0	-1.0	-1.0	-1.0	-1.0	-1.0	6.44	8.15	9.26	12.35	13.24	14.81	19.51	18.42	19.44	21.21	16.67	11.11	12.0	13.64	15.79	17.65	21.43	27.27	33.33	33.33	-1.0
TFm_UBER_neg_good9_mult_conv	94.39	0.18	11.0	15.9	13.0	270.0	0.6016	0.2384	0.0713	0.4033	0.613	0.7245	0.7806	0.8189	0.842	0.8622	0.8685	0.8919	0.8942	0.8976	0.9035	0.9096	0.9128	0.9174	0.9267	0.939	0.9433	0.9529	0.9605	0.9855
TFm_UBER_neg_good9_mult_conv_per	-1.0	-1.0	-1.0	-1.0	-1.0	-1.0	-1.0	-1.0	-1.0	5.94	6.67	8.33	8.64	10.29	11.11	12.2	12.82	11.43	12.12	13.33	14.81	16.0	18.18	21.05	23.53	21.43	27.27	22.22	33.33	-1.0
TFm_UBER_neg_good9_mult_dense2	94.25	0.15	18.0	6.3	13.0	270.0	0.3787	0.3642	0.0	0.0204	0.2552	0.4115	0.6487	0.7081	0.7851	0.8876	0.8921	0.9112	0.9416	0.95	0.9626	0.9743	0.9785	0.9836	0.9877	0.9916	0.993	0.9954	0.9975	1.0
TFm_UBER_neg_good9_mult_dense2_per	-1.0	-1.0	-1.0	-1.0	-1.0	-1.0	-1.0	-1.0	-1.0	4.93	5.19	4.63	6.17	7.35	7.41	4.88	5.26	5.71	6.06	6.67	7.41	8.0	4.55	5.26	5.88	7.14	9.09	11.11	16.67	-1.0
TFm_UBER_neg_good9__mult_gru	93.73	0.16	15.0	14.7	13.0	270.0	0.5145	0.3922	0.0022	0.0809	0.5671	0.7715	0.8967	0.9318	0.9496	0.9702	0.9721	0.9733	0.9742	0.9754	0.9768	0.9785	0.9796	0.9814	0.9833	0.9841	0.9868	0.9879	0.9915	0.9954
TFm_UBER_neg_good9__mult_gru_per	-1.0	-1.0	-1.0	-1.0	-1.0	-1.0	-1.0	-1.0	-1.0	6.44	7.41	8.33	9.88	10.29	12.96	12.2	13.16	13.89	15.62	16.67	14.29	12.0	13.64	15.79	17.65	14.29	9.09	12.5	16.67	-1.0
TFm_UBER_neg_reg4_mult_28	84.76	0.4	10.0	16.1	15.0	265.0	0.5601	0.1266	0.1847	0.4813	0.5627	0.5904	0.6373	0.6506	0.6677	0.6802	0.694	0.7005	0.7067	0.7088	0.7112	0.7239	0.7312	0.7342	0.7432	0.7507	0.7685	0.7927	0.8091	0.8945
TFm_UBER_neg_reg4_mult_28_per	-1.0	-1.0	-1.0	-1.0	-1.0	-1.0	-1.0	-1.0	-1.0	6.53	6.82	8.49	6.25	7.46	9.26	12.5	13.51	14.29	12.5	13.33	14.81	16.67	18.18	21.05	25.0	21.43	27.27	25.0	16.67	-1.0
TFm_UBER_neg_reg4_mult_64	91.12	0.25	12.0	24.1	15.0	265.0	0.4665	0.2278	0.0429	0.2943	0.4648	0.5404	0.6053	0.65	0.6834	0.7209	0.7335	0.7397	0.7505	0.7598	0.7666	0.7787	0.7894	0.806	0.8136	0.8199	0.827	0.9015	0.919	0.9628
TFm_UBER_neg_reg4_mult_64_per	-1.0	-1.0	-1.0	-1.0	-1.0	-1.0	-1.0	-1.0	-1.0	7.07	9.02	10.38	10.0	10.45	13.21	17.5	16.22	17.14	18.75	20.0	22.22	25.0	27.27	31.58	31.25	35.71	36.36	50.0	50.0	-1.0
TFm_UBER_neg_reg4_mult_128	93.5	0.18	8.0	12.1	15.0	265.0	0.509	0.1211	0.1451	0.4172	0.5027	0.533	0.5705	0.5963	0.6206	0.6437	0.6536	0.6645	0.6684	0.6707	0.6786	0.6831	0.6917	0.6994	0.7055	0.7145	0.7306	0.7457	0.7577	0.8243
TFm_UBER_neg_reg4_mult_128_per	-1.0	-1.0	-1.0	-1.0	-1.0	-1.0	-1.0	-1.0	-1.0	7.07	6.82	7.55	8.75	10.61	13.21	12.5	10.81	11.43	9.38	10.0	11.11	12.5	13.64	15.79	18.75	21.43	18.18	25.0	33.33	-1.0
TFm_UBER_neg_reg4_mult_conv2	87.33	0.35	10.0	15.8	15.0	265.0	0.814	0.0679	0.5981	0.767	0.8188	0.8367	0.8523	0.8605	0.8719	0.8866	0.8872	0.8891	0.8939	0.8952	0.8974	0.9017	0.906	0.9152	0.9202	0.9229	0.9275	0.9382	0.9431	0.9612
TFm_UBER_neg_reg4_mult_conv2_per	-1.0	-1.0	-1.0	-1.0	-1.0	-1.0	-1.0	-1.0	-1.0	7.04	7.58	7.55	10.0	10.61	12.96	17.5	16.22	17.14	15.62	13.79	14.81	16.67	18.18	15.79	18.75	21.43	27.27	25.0	16.67	-1.0
TFm_UBER_neg_reg4_mult_conv	97.15	0.11	10.0	10.8	15.0	265.0	0.6636	0.201	0.078	0.5216	0.6844	0.7485	0.8061	0.8297	0.8573	0.8753	0.8798	0.8921	0.8948	0.8994	0.9031	0.9092	0.9108	0.9157	0.9243	0.9339	0.9417	0.9463	0.9608	0.9889
TFm_UBER_neg_reg4_mult_conv_per	-1.0	-1.0	-1.0	-1.0	-1.0	-1.0	-1.0	-1.0	-1.0	6.06	6.82	6.6	8.75	10.61	9.43	12.5	10.81	11.43	12.5	13.33	11.11	8.33	9.09	10.53	12.5	14.29	9.09	12.5	16.67	-1.0
TFm_UBER_neg_reg4__simp_cordo	84.35	0.39	20.0	8.8	15.0	265.0	0.6708	0.1943	0.0276	0.6353	0.7587	0.778	0.7898	0.7947	0.7992	0.8029	0.8038	0.8045	0.8059	0.8061	0.807	0.8074	0.8077	0.8083	0.8084	0.8091	0.8097	0.81	0.8104	0.811
TFm_UBER_neg_reg4__simp_cordo_per	-1.0	-1.0	-1.0	-1.0	-1.0	-1.0	-1.0	-1.0	-1.0	5.05	6.82	5.66	6.25	7.58	7.69	10.0	10.81	11.43	9.38	10.0	11.11	12.0	4.76	5.26	5.88	7.14	8.33	12.5	16.67	-1.0
TFm_UBER_neg_reg4_mult_linear	73.1	0.54	17.0	9.7	15.0	265.0	0.6602	0.2118	0.1516	0.5092	0.6886	0.7636	0.8172	0.8405	0.862	0.8869	0.893	0.8979	0.9051	0.91	0.9109	0.9173	0.9202	0.9238	0.9326	0.9439	0.9499	0.9541	0.9611	0.9791
TFm_UBER_neg_reg4_mult_linear_per	-1.0	-1.0	-1.0	-1.0	-1.0	-1.0	-1.0	-1.0	-1.0	5.56	4.58	4.72	6.25	4.55	5.66	7.5	8.11	8.57	9.38	9.68	11.11	8.33	9.09	10.53	6.25	7.14	9.09	11.11	16.67	-1.0
TFm_UBER_neg_reg4_mult_dense2	86.99	0.32	8.0	8.0	15.0	265.0	0.6737	0.1057	0.4734	0.5983	0.6505	0.6759	0.7067	0.7225	0.7527	0.7892	0.7977	0.8033	0.8135	0.8189	0.8325	0.8396	0.849	0.8664	0.8723	0.8765	0.8928	0.9281	0.9473	0.9788
TFm_UBER_neg_reg4_mult_dense2_per	-1.0	-1.0	-1.0	-1.0	-1.0	-1.0	-1.0	-1.0	-1.0	4.52	4.51	4.72	5.0	6.06	7.55	7.5	8.11	8.57	6.25	6.67	7.41	8.33	9.09	10.53	6.25	7.14	9.09	12.5	16.67	-1.0
TFm_UBER_neg_reg4_mult_lstm	93.29	0.22	9.0	12.1	15.0	265.0	0.7561	0.1786	0.1487	0.6517	0.7975	0.8226	0.8852	0.904	0.9216	0.9345	0.9412	0.9427	0.9453	0.9461	0.9495	0.9511	0.9549	0.9592	0.9619	0.964	0.9707	0.9814	0.9852	0.993
TFm_UBER_neg_reg4_mult_lstm_per	-1.0	-1.0	-1.0	-1.0	-1.0	-1.0	-1.0	-1.0	-1.0	7.54	8.27	9.43	10.0	10.61	9.43	10.0	10.53	8.57	9.38	10.0	11.11	12.5	13.64	15.79	18.75	21.43	27.27	37.5	50.0	-1.0
TFm_UBER_neg_reg4__mult_gru	94.85	0.15	16.0	32.2	15.0	265.0	0.5608	0.3907	0.0006	0.087	0.7375	0.8369	0.9019	0.9258	0.9474	0.9571	0.9608	0.9635	0.9666	0.9713	0.9743	0.978	0.9795	0.9834	0.9847	0.9868	0.9884	0.9921	0.9941	0.9969
TFm_UBER_neg_reg4__mult_gru_per	-1.0	-1.0	-1.0	-1.0	-1.0	-1.0	-1.0	-1.0	-1.0	7.58	10.61	13.21	17.5	19.7	22.64	25.0	24.32	22.86	25.0	26.67	29.63	33.33	36.36	42.11	43.75	35.71	36.36	37.5	50.0	-1.0
TFm_UBER_neg_low1_mult_128	97.78	0.07	12.0	13.8	11.0	265.0	0.4376	0.2836	0.0022	0.182	0.4016	0.5056	0.631	0.6878	0.724	0.8008	0.8071	0.8131	0.8188	0.8278	0.8366	0.8465	0.8619	0.8661	0.8848	0.895	0.92	0.94	0.9507	0.9872
TFm_UBER_neg_low1_mult_128_per	-1.0	-1.0	-1.0	-1.0	-1.0	-1.0	-1.0	-1.0	-1.0	5.05	7.52	9.43	7.5	8.96	11.32	10.0	10.81	11.43	12.5	13.33	14.81	12.5	13.64	15.79	18.75	14.29	9.09	12.5	16.67	-1.0
TFm_UBER_neg_low1__simp_cordo	82.19	0.41	10.0	11.2	11.0	265.0	0.5414	0.1138	0.3414	0.4541	0.5216	0.554	0.5835	0.6118	0.6628	0.6944	0.6994	0.7066	0.7167	0.7292	0.731	0.7329	0.7352	0.7375	0.7421	0.7452	0.7489	0.7535	0.7616	0.7695
TFm_UBER_neg_low1__simp_cordo_per	-1.0	-1.0	-1.0	-1.0	-1.0	-1.0	-1.0	-1.0	-1.0	4.02	4.51	5.66	6.25	6.06	7.55	7.5	8.11	8.57	9.38	10.0	11.11	12.5	13.64	10.53	12.5	7.14	9.09	14.29	16.67	-1.0
TFm_UBER_neg_low1_mult_linear	74.6	0.54	16.0	7.2	11.0	265.0	0.7065	0.1714	0.0822	0.6147	0.7235	0.7737	0.8071	0.8377	0.8615	0.8847	0.8943	0.8991	0.9044	0.9102	0.9121	0.917	0.9193	0.9236	0.9291	0.9421	0.9461	0.9545	0.9632	0.9783
TFm_UBER_neg_low1_mult_linear_per	-1.0	-1.0	-1.0	-1.0	-1.0	-1.0	-1.0	-1.0	-1.0	4.55	5.26	6.6	8.75	9.09	7.55	5.0	5.41	5.71	6.25	6.67	7.14	8.33	9.52	5.26	6.25	7.14	9.09	12.5	16.67	-1.0
TFm_UBER_neg_low1_mult_dense2	89.31	0.27	8.0	9.8	11.0	265.0	0.5076	0.1749	0.1659	0.3362	0.5799	0.6146	0.6494	0.6621	0.6736	0.686	0.6883	0.6903	0.6922	0.6937	0.6954	0.7017	0.7073	0.7123	0.7192	0.7221	0.7304	0.7344	0.7443	0.783
TFm_UBER_neg_low1_mult_dense2_per	-1.0	-1.0	-1.0	-1.0	-1.0	-1.0	-1.0	-1.0	-1.0	4.02	5.26	5.66	5.0	5.97	5.66	7.5	8.11	8.57	9.38	10.34	11.11	8.33	9.09	10.53	12.5	14.29	18.18	12.5	16.67	-1.0
TFm_UBER_neg_low1_mult_lstm	96.91	0.09	13.0	17.6	11.0	265.0	0.4851	0.37	0.0001	0.079	0.5267	0.6199	0.7849	0.8604	0.913	0.9499	0.9537	0.9688	0.9711	0.9757	0.9794	0.9821	0.9893	0.9909	0.9918	0.9943	0.995	0.9956	0.998	0.9999
TFm_UBER_neg_low1_mult_lstm_per	-1.0	-1.0	-1.0	-1.0	-1.0	-1.0	-1.0	-1.0	-1.0	5.53	8.27	8.49	11.25	13.64	15.09	17.5	16.22	14.29	15.62	16.67	18.52	20.83	18.18	15.79	18.75	21.43	16.67	25.0	33.33	-1.0
TFm_UBER_neg_low1__mult_gru	95.23	0.14	19.0	31.6	11.0	265.0	0.4829	0.4054	0.0006	0.0317	0.4667	0.6985	0.8995	0.9378	0.9631	0.976	0.9774	0.9783	0.9794	0.981	0.9824	0.984	0.9858	0.9884	0.9912	0.9924	0.993	0.9938	0.9951	0.9975
TFm_UBER_neg_low1__mult_gru_per	-1.0	-1.0	-1.0	-1.0	-1.0	-1.0	-1.0	-1.0	-1.0	5.56	8.33	10.38	13.75	16.67	18.87	22.5	24.32	25.71	25.0	28.57	29.63	33.33	36.36	36.84	37.5	28.57	27.27	33.33	50.0	-1.0
TFm_UBER_pos_vgood16_mult_28	72.62	0.55	8.0	11.1	13.0	279.0	0.49	0.0563	0.3753	0.4487	0.4898	0.5052	0.5165	0.5242	0.5326	0.5417	0.5435	0.5445	0.5485	0.5503	0.5528	0.5552	0.5558	0.5597	0.5636	0.5695	0.5855	0.5949	0.6269	0.7271
TFm_UBER_pos_vgood16_mult_28_per	-1.0	-1.0	-1.0	-1.0	-1.0	-1.0	-1.0	-1.0	-1.0	5.26	5.76	6.25	7.14	7.14	8.93	9.52	10.0	10.81	11.76	12.9	10.71	12.0	9.09	10.0	11.76	14.29	16.67	11.11	16.67	-1.0
TFm_UBER_pos_vgood16_mult_64	79.32	0.45	15.0	15.8	13.0	279.0	0.5536	0.2222	0.0051	0.4211	0.5563	0.6243	0.6854	0.7145	0.7404	0.7909	0.7963	0.8087	0.8197	0.8517	0.8652	0.8701	0.8804	0.8909	0.8969	0.9101	0.9241	0.929	0.9434	0.9991
TFm_UBER_pos_vgood16_mult_64_per	-1.0	-1.0	-1.0	-1.0	-1.0	-1.0	-1.0	-1.0	-1.0	6.22	9.35	10.81	13.1	12.86	16.36	14.63	15.38	16.22	14.71	12.9	14.29	15.38	17.39	20.0	17.65	21.43	25.0	22.22	33.33	-1.0
TFm_UBER_pos_vgood16_mult_128	80.86	0.42	8.0	10.6	13.0	279.0	0.5824	0.0991	0.4066	0.5132	0.572	0.5891	0.624	0.6401	0.6506	0.6676	0.6697	0.6734	0.6817	0.6857	0.6971	0.7114	0.7265	0.7365	0.7501	0.7814	0.785	0.7881	0.8374	0.9637
TFm_UBER_pos_vgood16_mult_128_per	-1.0	-1.0	-1.0	-1.0	-1.0	-1.0	-1.0	-1.0	-1.0	6.22	7.86	8.93	10.71	11.43	10.71	9.52	10.0	10.81	8.82	9.68	10.71	11.54	13.04	10.0	11.76	14.29	16.67	22.22	33.33	-1.0
TFm_UBER_pos_vgood16_mult_conv2	81.19	0.42	12.0	18.3	13.0	279.0	0.4758	0.2707	0.0	0.2638	0.4874	0.5649	0.6399	0.6979	0.7472	0.8061	0.8156	0.8216	0.8309	0.8482	0.8561	0.864	0.8701	0.8767	0.894	0.906	0.9254	0.9362	0.9404	0.9907
TFm_UBER_pos_vgood16_mult_conv2_per	-1.0	-1.0	-1.0	-1.0	-1.0	-1.0	-1.0	-1.0	-1.0	6.22	8.63	9.82	10.71	10.0	10.71	11.9	12.82	13.51	14.71	16.13	17.86	19.23	21.74	20.0	23.53	21.43	25.0	33.33	33.33	-1.0
TFm_UBER_pos_vgood16_mult_conv	83.76	0.38	22.0	13.1	13.0	279.0	0.4796	0.295	0.0	0.2121	0.4626	0.5904	0.7066	0.7576	0.7981	0.8311	0.837	0.8473	0.8542	0.8593	0.8685	0.8778	0.8918	0.8998	0.9039	0.9196	0.9252	0.9335	0.9448	0.9996
TFm_UBER_pos_vgood16_mult_conv_per	-1.0	-1.0	-1.0	-1.0	-1.0	-1.0	-1.0	-1.0	-1.0	6.22	8.63	9.82	11.9	12.86	12.5	16.67	15.38	16.22	11.76	12.9	14.29	11.54	13.04	15.0	17.65	21.43	25.0	33.33	50.0	-1.0
TFm_UBER_pos_vgood16_mult_linear	63.08	0.63	11.0	3.8	13.0	279.0	0.5989	0.1536	0.057	0.5024	0.6403	0.6743	0.7	0.7229	0.735	0.7486	0.7542	0.7562	0.7587	0.7608	0.7639	0.7691	0.7707	0.7715	0.7757	0.7829	0.7834	0.7862	0.7899	0.9834
TFm_UBER_pos_vgood16_mult_linear_per	-1.0	-1.0	-1.0	-1.0	-1.0	-1.0	-1.0	-1.0	-1.0	5.74	5.71	5.36	5.95	5.71	5.26	2.38	2.56	2.7	2.94	3.23	3.57	3.85	4.35	5.0	5.88	7.14	9.09	11.11	16.67	-1.0
TFm_UBER_pos_vgood16_mult_dense2	77.51	0.49	28.0	8.7	13.0	279.0	0.4672	0.2708	0.0031	0.2435	0.4784	0.5915	0.6707	0.7053	0.7297	0.7676	0.7713	0.7789	0.7849	0.7901	0.8023	0.8099	0.8196	0.831	0.8428	0.8492	0.881	0.8918	0.9009	0.9996
TFm_UBER_pos_vgood16_mult_dense2_per	-1.0	-1.0	-1.0	-1.0	-1.0	-1.0	-1.0	-1.0	-1.0	4.78	5.71	7.14	8.33	7.14	8.93	7.14	7.69	8.11	8.82	9.68	7.14	7.69	8.7	10.0	5.88	7.14	8.33	11.11	16.67	-1.0
TFm_UBER_pos_vgood16_mult_lstm	79.64	0.42	11.0	21.2	13.0	279.0	0.5293	0.2288	0.002	0.3733	0.5711	0.6253	0.6665	0.707	0.7313	0.7738	0.7777	0.7855	0.7892	0.7923	0.8041	0.8108	0.8155	0.8219	0.8291	0.843	0.8501	0.8584	0.8758	0.9968
TFm_UBER_pos_vgood16_mult_lstm_per	-1.0	-1.0	-1.0	-1.0	-1.0	-1.0	-1.0	-1.0	-1.0	6.22	8.63	9.82	11.9	12.86	14.29	19.05	20.51	18.92	20.59	19.35	21.43	24.0	21.74	20.0	17.65	20.0	25.0	33.33	50.0	-1.0
TFm_UBER_pos_vgood16__mult_gru	77.84	0.46	8.0	15.4	13.0	279.0	0.6541	0.0864	0.4739	0.5947	0.65	0.6703	0.692	0.7069	0.7242	0.7351	0.7365	0.7382	0.7388	0.7483	0.7538	0.7606	0.7626	0.7925	0.798	0.8114	0.8187	0.8387	0.8565	0.9408
TFm_UBER_pos_vgood16__mult_gru_per	-1.0	-1.0	-1.0	-1.0	-1.0	-1.0	-1.0	-1.0	-1.0	5.74	6.43	6.31	5.95	7.14	8.93	11.9	12.82	13.89	14.71	16.13	17.86	15.38	13.04	15.0	11.76	14.29	16.67	22.22	33.33	-1.0
TFm_UBER_pos_good9_mult_28	72.89	0.53	15.0	14.0	12.0	276.0	0.5566	0.1581	0.0661	0.4489	0.5572	0.5851	0.6188	0.6553	0.7024	0.7191	0.7305	0.7405	0.7576	0.7602	0.7661	0.7749	0.7838	0.7895	0.799	0.8262	0.8337	0.8673	0.8865	0.9919
TFm_UBER_pos_good9_mult_28_per	-1.0	-1.0	-1.0	-1.0	-1.0	-1.0	-1.0	-1.0	-1.0	5.31	7.97	9.91	13.25	14.49	14.29	14.29	12.82	13.89	14.71	16.13	14.29	16.0	13.04	10.0	11.76	14.29	18.18	22.22	33.33	-1.0
TFm_UBER_pos_good9_mult_64	87.13	0.31	20.0	18.8	12.0	276.0	0.4873	0.255	0.0027	0.2927	0.4886	0.5785	0.6597	0.6877	0.7219	0.7895	0.7974	0.8008	0.8091	0.8143	0.8265	0.8368	0.8405	0.8478	0.8692	0.8799	0.8933	0.924	0.9326	0.9996
TFm_UBER_pos_good9_mult_64_per	-1.0	-1.0	-1.0	-1.0	-1.0	-1.0	-1.0	-1.0	-1.0	5.31	7.25	9.09	10.84	13.04	10.91	14.29	15.38	16.67	17.14	16.13	17.86	20.0	21.74	20.0	23.53	28.57	27.27	22.22	33.33	-1.0
TFm_UBER_pos_good9_mult_128	87.32	0.3	12.0	18.4	12.0	276.0	0.5333	0.2153	0.0085	0.3808	0.5293	0.6053	0.6733	0.7029	0.7458	0.7617	0.7728	0.7805	0.7896	0.7982	0.8102	0.8204	0.8249	0.8307	0.8511	0.8622	0.8712	0.888	0.9088	0.9979
TFm_UBER_pos_good9_mult_128_per	-1.0	-1.0	-1.0	-1.0	-1.0	-1.0	-1.0	-1.0	-1.0	5.31	7.97	9.09	10.84	11.59	12.5	11.9	12.82	13.89	14.71	16.13	17.86	20.0	21.74	20.0	11.76	14.29	18.18	22.22	33.33	-1.0
TFm_UBER_pos_good9_mult_conv2	75.29	0.51	8.0	11.5	12.0	276.0	0.7908	0.0447	0.7172	0.7591	0.7826	0.7896	0.803	0.8086	0.8244	0.831	0.8321	0.8363	0.8399	0.8421	0.8442	0.8503	0.8621	0.8708	0.879	0.885	0.8915	0.8981	0.9215	0.9521
TFm_UBER_pos_good9_mult_conv2_per	-1.0	-1.0	-1.0	-1.0	-1.0	-1.0	-1.0	-1.0	-1.0	3.86	5.07	6.31	4.82	5.8	7.14	9.76	7.69	8.33	8.82	9.68	10.71	12.0	13.04	15.0	17.65	21.43	27.27	33.33	33.33	-1.0
TFm_UBER_pos_good9_mult_conv	82.96	0.38	11.0	15.5	12.0	276.0	0.4646	0.2063	0.0884	0.3052	0.4444	0.5214	0.584	0.6141	0.6501	0.6917	0.7107	0.7144	0.7211	0.7248	0.733	0.7439	0.7651	0.7941	0.8344	0.8382	0.85	0.8635	0.9152	0.9989
TFm_UBER_pos_good9_mult_conv_per	-1.0	-1.0	-1.0	-1.0	-1.0	-1.0	-1.0	-1.0	-1.0	5.31	7.97	9.01	9.64	11.59	12.5	9.52	10.26	11.11	11.76	12.9	14.29	16.0	18.18	20.0	23.53	28.57	27.27	33.33	33.33	-1.0
TFm_UBER_pos_good9__simp_cordo	71.72	0.57	26.0	12.7	12.0	276.0	0.592	0.2046	0.1255	0.462	0.6794	0.7214	0.7479	0.7553	0.7688	0.7769	0.778	0.78	0.7813	0.7827	0.7839	0.7848	0.7878	0.7916	0.7926	0.794	0.797	0.7988	0.8	0.8079
TFm_UBER_pos_good9__simp_cordo_per	-1.0	-1.0	-1.0	-1.0	-1.0	-1.0	-1.0	-1.0	-1.0	5.31	7.25	7.21	7.23	7.25	8.93	9.52	10.26	11.11	11.76	12.9	10.71	12.0	13.64	15.0	11.76	13.33	16.67	11.11	16.67	-1.0
TFm_UBER_pos_good9_mult_linear	65.41	0.62	9.0	11.7	12.0	276.0	0.632	0.1425	0.2739	0.5916	0.6639	0.6908	0.7125	0.7263	0.7378	0.7553	0.761	0.7646	0.7727	0.7798	0.7818	0.7833	0.7855	0.7886	0.7984	0.8099	0.8122	0.8211	0.8374	0.9308
TFm_UBER_pos_good9_mult_linear_per	-1.0	-1.0	-1.0	-1.0	-1.0	-1.0	-1.0	-1.0	-1.0	5.31	5.8	5.41	6.02	7.14	7.14	9.52	10.26	11.11	9.09	9.68	10.71	12.0	13.64	15.0	17.65	21.43	27.27	22.22	16.67	-1.0
TFm_UBER_pos_good9_mult_dense2	87.45	0.29	15.0	20.2	12.0	276.0	0.5851	0.3623	0.0	0.1789	0.7621	0.8281	0.8671	0.8856	0.9018	0.9145	0.9207	0.9213	0.9229	0.9261	0.9314	0.9324	0.937	0.9417	0.9469	0.9574	0.9661	0.9696	0.9742	0.9951
TFm_UBER_pos_good9_mult_dense2_per	-1.0	-1.0	-1.0	-1.0	-1.0	-1.0	-1.0	-1.0	-1.0	5.31	7.25	7.27	7.23	8.7	10.91	14.29	15.38	16.67	17.65	19.35	21.43	20.0	22.73	20.0	23.53	14.29	16.67	22.22	16.67	-1.0
TFm_UBER_pos_good9_mult_lstm	91.22	0.21	20.0	19.2	12.0	276.0	0.3471	0.3934	0.0	0.0006	0.0776	0.3975	0.675	0.8142	0.8574	0.9151	0.9173	0.9207	0.924	0.9349	0.9409	0.9439	0.952	0.9589	0.9651	0.9726	0.9789	0.9868	0.9904	0.9998
TFm_UBER_pos_good9_mult_lstm_per	-1.0	-1.0	-1.0	-1.0	-1.0	-1.0	-1.0	-1.0	-1.0	5.29	7.25	7.27	8.43	8.7	10.71	11.9	12.82	13.89	14.71	16.13	17.86	20.0	21.74	25.0	23.53	28.57	33.33	44.44	66.67	-1.0
TFm_UBER_pos_good9__mult_gru	80.82	0.42	9.0	16.6	12.0	276.0	0.6625	0.138	0.2949	0.5704	0.6972	0.7232	0.7549	0.7705	0.7847	0.8058	0.8078	0.8092	0.8137	0.8165	0.8189	0.8202	0.8233	0.8245	0.8346	0.8493	0.854	0.8577	0.8641	0.912
TFm_UBER_pos_good9__mult_gru_per	-1.0	-1.0	-1.0	-1.0	-1.0	-1.0	-1.0	-1.0	-1.0	5.31	7.97	9.91	9.64	10.14	10.91	11.9	12.82	13.89	14.71	16.13	14.29	16.0	18.18	20.0	23.53	14.29	18.18	22.22	33.33	-1.0
TFm_UBER_pos_reg4_mult_28	82.96	0.39	18.0	33.3	19.0	276.0	0.5385	0.2167	0.0778	0.3764	0.5308	0.594	0.6529	0.7003	0.7463	0.7899	0.7979	0.8056	0.8129	0.8261	0.8415	0.848	0.8609	0.8779	0.9024	0.9254	0.9323	0.9362	0.9391	0.9954
TFm_UBER_pos_reg4_mult_28_per	-1.0	-1.0	-1.0	-1.0	-1.0	-1.0	-1.0	-1.0	-1.0	8.7	10.87	12.73	15.66	18.84	20.0	26.19	28.21	25.0	26.47	29.03	32.14	36.0	36.36	40.0	47.06	35.71	41.67	33.33	33.33	-1.0
TFm_UBER_pos_reg4_mult_64	88.38	0.29	14.0	30.9	19.0	276.0	0.5457	0.2465	0.0245	0.349	0.556	0.6235	0.7058	0.7414	0.7785	0.8264	0.8327	0.8441	0.8655	0.8774	0.8904	0.9014	0.9078	0.9126	0.923	0.9306	0.9365	0.9472	0.9596	0.9986
TFm_UBER_pos_reg4_mult_64_per	-1.0	-1.0	-1.0	-1.0	-1.0	-1.0	-1.0	-1.0	-1.0	8.7	11.59	13.64	15.66	18.84	19.64	21.43	23.08	25.0	24.24	25.81	28.57	32.0	34.78	40.0	41.18	50.0	58.33	55.56	66.67	-1.0
TFm_UBER_pos_reg4_mult_128	90.86	0.24	9.0	32.4	19.0	276.0	0.6116	0.1892	0.1754	0.4984	0.6194	0.6726	0.7225	0.7512	0.7864	0.8219	0.8251	0.831	0.8329	0.8503	0.8639	0.8726	0.8826	0.8905	0.8952	0.8994	0.9164	0.9268	0.932	0.9931
TFm_UBER_pos_reg4_mult_128_per	-1.0	-1.0	-1.0	-1.0	-1.0	-1.0	-1.0	-1.0	-1.0	8.21	11.59	13.64	15.66	17.39	20.0	21.43	23.08	25.0	27.27	29.03	32.14	36.0	34.78	35.0	35.29	35.71	33.33	22.22	33.33	-1.0
TFm_UBER_pos_reg4_mult_conv2	79.31	0.44	8.0	32.6	19.0	276.0	0.6904	0.0161	0.6553	0.6799	0.6893	0.6938	0.6971	0.6987	0.7008	0.7051	0.7062	0.7069	0.7072	0.7083	0.7091	0.7099	0.7118	0.7134	0.7155	0.7174	0.7189	0.7214	0.7244	0.7763
TFm_UBER_pos_reg4_mult_conv2_per	-1.0	-1.0	-1.0	-1.0	-1.0	-1.0	-1.0	-1.0	-1.0	8.7	10.87	12.61	16.87	15.71	17.54	21.43	23.08	25.0	27.27	29.03	32.14	36.0	36.36	35.0	41.18	50.0	50.0	55.56	50.0	-1.0
TFm_UBER_pos_reg4_mult_conv	95.37	0.16	18.0	28.5	19.0	276.0	0.7951	0.2586	0.0079	0.6798	0.9136	0.9496	0.9714	0.9795	0.9872	0.9938	0.9944	0.9952	0.9958	0.9965	0.9969	0.9971	0.9975	0.9978	0.998	0.9982	0.9987	0.999	0.9995	1.0
TFm_UBER_pos_reg4_mult_conv_per	-1.0	-1.0	-1.0	-1.0	-1.0	-1.0	-1.0	-1.0	-1.0	8.7	11.59	13.64	16.87	18.84	16.67	19.05	20.51	22.22	24.24	25.0	25.0	28.0	31.82	36.84	43.75	50.0	63.64	75.0	85.71	-1.0
TFm_UBER_pos_reg4__simp_cordo	76.37	0.51	22.0	33.2	19.0	276.0	0.6731	0.2792	0.1247	0.5715	0.8133	0.8403	0.868	0.8782	0.8888	0.9012	0.9044	0.9087	0.9114	0.9131	0.9142	0.9156	0.9169	0.92	0.9223	0.9252	0.9264	0.9304	0.9312	0.9461
TFm_UBER_pos_reg4__simp_cordo_per	-1.0	-1.0	-1.0	-1.0	-1.0	-1.0	-1.0	-1.0	-1.0	8.7	10.14	10.91	13.25	15.94	18.18	23.81	26.32	27.78	30.3	32.26	32.14	33.33	36.36	35.0	35.29	42.86	27.27	22.22	33.33	-1.0
TFm_UBER_pos_reg4_mult_linear	75.0	0.53	30.0	25.1	19.0	276.0	0.7954	0.1998	0.0001	0.7343	0.8569	0.8832	0.9024	0.9208	0.9325	0.9465	0.9491	0.951	0.9526	0.9554	0.9566	0.9632	0.9636	0.9671	0.9722	0.9756	0.9797	0.9824	0.9835	0.9999
TFm_UBER_pos_reg4_mult_linear_per	-1.0	-1.0	-1.0	-1.0	-1.0	-1.0	-1.0	-1.0	-1.0	7.73	8.76	9.01	10.84	12.86	16.07	16.67	17.95	19.44	20.59	22.58	25.0	28.0	29.17	25.0	23.53	28.57	27.27	33.33	50.0	-1.0
TFm_UBER_pos_reg4_mult_lstm	91.97	0.2	13.0	25.0	19.0	276.0	0.4563	0.3348	0.0	0.0633	0.5352	0.6512	0.7044	0.7439	0.7893	0.8185	0.8285	0.8323	0.8426	0.8462	0.8655	0.8747	0.8845	0.9173	0.9209	0.9272	0.9359	0.9483	0.9602	0.9972
TFm_UBER_pos_reg4_mult_lstm_per	-1.0	-1.0	-1.0	-1.0	-1.0	-1.0	-1.0	-1.0	-1.0	8.7	12.32	13.51	15.66	18.84	21.82	26.19	28.21	25.0	21.21	22.58	25.0	24.0	27.27	30.0	29.41	35.71	36.36	44.44	66.67	-1.0
TFm_UBER_pos_reg4__mult_gru	88.77	0.28	9.0	24.7	19.0	276.0	0.7097	0.1573	0.2411	0.608	0.7397	0.7885	0.8229	0.8349	0.8561	0.8713	0.8718	0.8725	0.8745	0.8775	0.8808	0.8875	0.8903	0.893	0.8994	0.9082	0.9119	0.9144	0.9276	0.9506
TFm_UBER_pos_reg4__mult_gru_per	-1.0	-1.0	-1.0	-1.0	-1.0	-1.0	-1.0	-1.0	-1.0	8.7	10.14	12.61	14.46	17.39	16.07	21.43	20.51	22.22	20.59	22.58	25.0	24.0	26.09	30.0	29.41	35.71	36.36	44.44	50.0	-1.0
TFm_UBER_pos_low1_mult_28	88.8	0.28	16.0	28.2	18.0	265.0	0.4638	0.2514	0.0212	0.259	0.4253	0.5173	0.6049	0.636	0.7102	0.7702	0.7839	0.7991	0.8213	0.8312	0.8356	0.8505	0.859	0.8686	0.8849	0.9172	0.941	0.955	0.9614	0.9999
TFm_UBER_pos_low1_mult_28_per	-1.0	-1.0	-1.0	-1.0	-1.0	-1.0	-1.0	-1.0	-1.0	8.04	11.28	13.21	15.0	16.67	20.75	25.0	27.03	28.57	25.0	26.67	29.63	29.17	27.27	31.58	37.5	42.86	45.45	62.5	50.0	-1.0
TFm_UBER_pos_low1_mult_64	92.28	0.2	12.0	28.2	18.0	265.0	0.461	0.2827	0.0183	0.213	0.4396	0.5264	0.6408	0.7055	0.7473	0.8256	0.8308	0.8355	0.8385	0.8482	0.8655	0.8832	0.8892	0.9016	0.9124	0.9441	0.9542	0.9653	0.9747	1.0
TFm_UBER_pos_low1_mult_64_per	-1.0	-1.0	-1.0	-1.0	-1.0	-1.0	-1.0	-1.0	-1.0	9.05	10.53	12.26	13.75	16.42	18.87	17.5	18.92	20.0	21.88	23.33	25.93	29.17	31.82	36.84	43.75	42.86	45.45	50.0	50.0	-1.0
TFm_UBER_pos_low1_mult_128	94.54	0.15	9.0	29.2	18.0	265.0	0.5103	0.2568	0.0386	0.2856	0.489	0.5902	0.6822	0.715	0.7629	0.8188	0.8299	0.8496	0.8644	0.8757	0.8772	0.888	0.8915	0.8985	0.9031	0.926	0.9319	0.9422	0.9587	0.9996
TFm_UBER_pos_low1_mult_128_per	-1.0	-1.0	-1.0	-1.0	-1.0	-1.0	-1.0	-1.0	-1.0	7.54	9.09	10.38	13.92	15.15	18.87	20.0	21.62	22.86	25.0	26.67	25.93	29.17	31.82	36.84	37.5	35.71	36.36	37.5	50.0	-1.0
TFm_UBER_pos_low1_mult_conv	92.35	0.19	8.0	29.0	18.0	265.0	0.8744	0.0554	0.7127	0.8449	0.8758	0.8888	0.904	0.9097	0.9205	0.931	0.9334	0.9359	0.9385	0.9401	0.944	0.9472	0.9509	0.9526	0.9543	0.9562	0.9597	0.9717	0.9784	0.9968
TFm_UBER_pos_low1_mult_conv_per	-1.0	-1.0	-1.0	-1.0	-1.0	-1.0	-1.0	-1.0	-1.0	8.59	9.85	11.32	11.25	12.12	15.09	20.0	21.62	23.53	25.0	26.67	29.63	29.17	31.82	31.58	37.5	42.86	54.55	50.0	66.67	-1.0
TFm_UBER_pos_low1__simp_cordo	79.64	0.43	13.0	26.8	18.0	265.0	0.5192	0.2576	0.029	0.2699	0.6589	0.6907	0.7264	0.7364	0.7417	0.7465	0.747	0.7481	0.7494	0.751	0.752	0.753	0.7538	0.7546	0.755	0.7554	0.7567	0.7585	0.7609	0.7635
TFm_UBER_pos_low1__simp_cordo_per	-1.0	-1.0	-1.0	-1.0	-1.0	-1.0	-1.0	-1.0	-1.0	8.54	9.77	11.32	13.75	16.92	16.98	19.51	21.62	22.86	24.24	26.67	25.93	29.17	28.57	26.32	31.25	35.71	45.45	37.5	33.33	-1.0
TFm_UBER_pos_low1_mult_linear	77.25	0.48	13.0	27.0	18.0	265.0	0.7542	0.2183	0.0664	0.6511	0.8164	0.8661	0.9016	0.9164	0.9377	0.9519	0.9551	0.9562	0.9603	0.964	0.9666	0.9709	0.9742	0.9773	0.98	0.981	0.9847	0.9899	0.9944	0.9989
TFm_UBER_pos_low1_mult_linear_per	-1.0	-1.0	-1.0	-1.0	-1.0	-1.0	-1.0	-1.0	-1.0	8.59	9.85	12.26	15.0	16.67	16.98	22.5	21.62	23.53	25.0	23.33	25.93	29.17	27.27	31.58	37.5	35.71	36.36	50.0	50.0	-1.0
TFm_UBER_pos_low1_mult_lstm	96.65	0.1	13.0	22.5	18.0	265.0	0.3127	0.3802	0.0	0.0009	0.0509	0.2655	0.6008	0.7136	0.8004	0.875	0.8866	0.9039	0.9193	0.9255	0.9291	0.9413	0.9514	0.9666	0.9681	0.9706	0.9816	0.9844	0.9868	0.9997
TFm_UBER_pos_low1_mult_lstm_per	-1.0	-1.0	-1.0	-1.0	-1.0	-1.0	-1.0	-1.0	-1.0	8.59	10.61	11.32	12.5	13.64	16.98	17.5	16.22	17.14	18.75	20.0	22.22	25.0	22.73	26.32	31.25	21.43	27.27	37.5	33.33	-1.0
TFm_UBER_pos_low1__mult_gru	95.63	0.13	15.0	38.5	18.0	265.0	0.4795	0.4056	0.002	0.0434	0.4216	0.733	0.8863	0.918	0.953	0.97	0.9734	0.9751	0.9769	0.9784	0.9811	0.9842	0.9848	0.9861	0.9888	0.9896	0.9899	0.9916	0.9948	0.9983
TFm_UBER_pos_low1__mult_gru_per	-1.0	-1.0	-1.0	-1.0	-1.0	-1.0	-1.0	-1.0	-1.0	8.04	9.77	12.26	16.25	18.18	22.64	30.0	31.58	34.29	34.38	36.67	37.04	40.0	40.91	42.11	43.75	40.0	36.36	37.5	33.33	-1.0
TFm_PYPL_neg_vgood16_mult_64	74.2	0.52	8.0	18.9	17.0	278.0	0.5015	0.0835	0.3624	0.4405	0.4958	0.5059	0.5202	0.526	0.5346	0.645	0.6466	0.6484	0.6507	0.6514	0.6517	0.6522	0.654	0.6576	0.6589	0.6596	0.6624	0.6634	0.6744	0.687
TFm_PYPL_neg_vgood16_mult_64_per	-1.0	-1.0	-1.0	-1.0	-1.0	-1.0	-1.0	-1.0	-1.0	8.17	11.51	14.41	16.67	18.57	16.07	16.67	18.42	18.92	17.65	16.13	17.86	20.0	21.74	20.0	17.65	21.43	25.0	33.33	33.33	-1.0
TFm_PYPL_neg_vgood16_mult_128	83.98	0.37	14.0	17.6	17.0	278.0	0.4763	0.3191	0.0043	0.1379	0.5341	0.6606	0.7369	0.7593	0.7778	0.8111	0.8156	0.8202	0.8373	0.8501	0.8671	0.8716	0.8775	0.8977	0.9096	0.9234	0.9341	0.963	0.9828	0.9986
TFm_PYPL_neg_vgood16_mult_128_per	-1.0	-1.0	-1.0	-1.0	-1.0	-1.0	-1.0	-1.0	-1.0	8.17	11.51	14.41	14.29	17.14	17.86	16.67	15.38	16.67	14.71	16.13	17.86	20.0	21.74	15.0	17.65	21.43	16.67	11.11	16.67	-1.0
TFm_PYPL_neg_vgood16_mult_conv2	82.69	0.39	11.0	21.9	17.0	278.0	0.4644	0.2452	0.0333	0.2377	0.4722	0.5574	0.6369	0.6806	0.7314	0.7624	0.7668	0.7712	0.7775	0.7797	0.7854	0.8002	0.8072	0.81	0.8166	0.8312	0.8486	0.8571	0.8802	0.9467
TFm_PYPL_neg_vgood16_mult_conv2_per	-1.0	-1.0	-1.0	-1.0	-1.0	-1.0	-1.0	-1.0	-1.0	8.17	12.23	12.61	15.48	15.71	17.86	21.43	20.51	19.44	20.59	22.58	21.43	20.0	21.74	25.0	29.41	28.57	33.33	33.33	50.0	-1.0
TFm_PYPL_neg_vgood16_mult_conv	76.45	0.48	9.0	16.5	17.0	278.0	0.5695	0.1015	0.3853	0.4891	0.5553	0.5784	0.5986	0.6115	0.6306	0.7327	0.7371	0.7419	0.7447	0.7476	0.7531	0.7567	0.7604	0.7641	0.7655	0.7673	0.7685	0.7704	0.7771	0.8106
TFm_PYPL_neg_vgood16_mult_conv_per	-1.0	-1.0	-1.0	-1.0	-1.0	-1.0	-1.0	-1.0	-1.0	8.17	9.35	11.71	10.71	11.43	14.29	14.29	15.38	16.67	17.65	19.35	17.86	16.0	13.04	15.0	17.65	21.43	16.67	22.22	16.67	-1.0
TFm_PYPL_neg_vgood16__simp_cordo	63.96	0.65	12.0	24.7	17.0	278.0	0.5175	0.1228	0.3283	0.432	0.4959	0.5195	0.5419	0.557	0.5742	0.7114	0.7182	0.7207	0.7295	0.7331	0.7341	0.7375	0.741	0.7438	0.7463	0.7487	0.7511	0.7693	0.7832	0.8501
TFm_PYPL_neg_vgood16__simp_cordo_per	-1.0	-1.0	-1.0	-1.0	-1.0	-1.0	-1.0	-1.0	-1.0	7.69	11.51	13.39	14.29	15.71	16.07	16.67	17.95	19.44	20.59	22.58	25.0	24.0	26.09	30.0	35.29	28.57	33.33	44.44	50.0	-1.0
TFm_PYPL_neg_vgood16_mult_linear	64.99	0.64	8.0	24.7	17.0	278.0	0.498	0.0836	0.3702	0.4502	0.4851	0.4947	0.5071	0.511	0.5253	0.6227	0.6247	0.6295	0.6322	0.6348	0.6369	0.6385	0.6407	0.6451	0.6541	0.6611	0.6635	0.6717	0.6908	0.8161
TFm_PYPL_neg_vgood16_mult_linear_per	-1.0	-1.0	-1.0	-1.0	-1.0	-1.0	-1.0	-1.0	-1.0	7.69	10.07	11.71	13.1	15.71	17.86	16.67	17.95	18.92	20.59	22.58	25.0	24.0	26.09	30.0	29.41	35.71	33.33	44.44	50.0	-1.0
TFm_PYPL_neg_vgood16_mult_dense2	72.27	0.56	8.0	20.3	17.0	278.0	0.6174	0.1399	0.3368	0.5183	0.6288	0.6488	0.6846	0.7041	0.7309	0.7627	0.7732	0.796	0.8026	0.8114	0.8195	0.8298	0.8347	0.8381	0.8415	0.8506	0.8611	0.8677	0.8766	0.9463
TFm_PYPL_neg_vgood16_mult_dense2_per	-1.0	-1.0	-1.0	-1.0	-1.0	-1.0	-1.0	-1.0	-1.0	7.69	10.79	13.51	11.9	11.43	12.5	14.29	15.38	16.22	17.65	19.35	17.86	20.0	21.74	25.0	29.41	35.71	41.67	44.44	33.33	-1.0
TFm_PYPL_neg_vgood16_mult_lstm	77.28	0.48	9.0	19.2	17.0	278.0	0.5198	0.1511	0.1945	0.4351	0.5233	0.5504	0.5793	0.5891	0.6031	0.7365	0.7398	0.7407	0.7431	0.747	0.7559	0.7615	0.7668	0.7693	0.771	0.7749	0.7811	0.7851	0.8012	0.8348
TFm_PYPL_neg_vgood16_mult_lstm_per	-1.0	-1.0	-1.0	-1.0	-1.0	-1.0	-1.0	-1.0	-1.0	8.17	11.51	13.51	15.48	14.29	14.29	14.29	15.0	13.51	14.71	16.13	17.86	20.0	21.74	25.0	23.53	28.57	25.0	33.33	33.33	-1.0
TFm_PYPL_neg_vgood16__mult_gru	77.09	0.48	12.0	14.6	17.0	278.0	0.4772	0.279	0.0046	0.2291	0.4963	0.5856	0.7003	0.7171	0.7561	0.7957	0.8096	0.8134	0.822	0.825	0.84	0.8507	0.8561	0.8628	0.8739	0.882	0.8945	0.9007	0.9168	0.9594
TFm_PYPL_neg_vgood16__mult_gru_per	-1.0	-1.0	-1.0	-1.0	-1.0	-1.0	-1.0	-1.0	-1.0	8.17	11.51	14.29	14.29	14.29	16.07	14.29	12.82	10.81	11.76	12.9	14.29	16.0	17.39	15.0	17.65	14.29	16.67	11.11	16.67	-1.0
TFm_PYPL_neg_good9_mult_conv2	86.11	0.32	9.0	7.8	9.0	275.0	0.5579	0.2879	0.0513	0.1779	0.6563	0.699	0.7427	0.7641	0.8011	0.8456	0.8519	0.8571	0.8631	0.8715	0.8779	0.883	0.8924	0.8984	0.903	0.9081	0.918	0.9182	0.9208	0.9401
TFm_PYPL_neg_good9_mult_conv2_per	-1.0	-1.0	-1.0	-1.0	-1.0	-1.0	-1.0	-1.0	-1.0	4.37	5.11	5.45	4.82	5.8	3.64	4.76	5.13	5.56	6.06	6.45	7.14	8.0	9.09	10.0	11.76	7.14	8.33	11.11	16.67	-1.0
TFm_PYPL_neg_good9__simp_cordo	77.91	0.49	8.0	7.8	9.0	275.0	0.5281	0.0912	0.3449	0.4196	0.5665	0.5741	0.5809	0.586	0.5937	0.6007	0.6029	0.6054	0.6099	0.6122	0.615	0.6157	0.6199	0.6229	0.6258	0.6272	0.6285	0.6304	0.6314	0.642
TFm_PYPL_neg_good9__simp_cordo_per	-1.0	-1.0	-1.0	-1.0	-1.0	-1.0	-1.0	-1.0	-1.0	4.37	5.07	6.36	6.02	5.8	5.45	7.14	7.69	8.33	6.06	6.45	7.14	8.0	9.09	10.0	5.88	7.14	9.09	11.11	16.67	-1.0
TFm_PYPL_neg_good9_mult_dense2	86.04	0.33	10.0	3.9	9.0	275.0	0.5498	0.2458	0.0311	0.3155	0.6472	0.7201	0.7506	0.7632	0.781	0.7956	0.7979	0.8015	0.8052	0.8107	0.8123	0.8137	0.8163	0.8221	0.825	0.8297	0.8342	0.8363	0.8399	0.9057
TFm_PYPL_neg_good9_mult_dense2_per	-1.0	-1.0	-1.0	-1.0	-1.0	-1.0	-1.0	-1.0	-1.0	4.37	5.07	6.36	6.02	7.25	9.09	7.32	7.69	5.56	3.03	3.33	3.57	4.0	4.55	5.0	5.88	7.14	9.09	11.11	16.67	-1.0
TFm_PYPL_neg_good9_mult_lstm	92.19	0.2	9.0	8.3	9.0	275.0	0.56	0.2994	0.0208	0.2556	0.6121	0.7181	0.8119	0.8447	0.8667	0.8927	0.8956	0.9025	0.9067	0.9094	0.917	0.9192	0.9207	0.9231	0.9342	0.9457	0.95	0.9529	0.958	0.9849
TFm_PYPL_neg_good9_mult_lstm_per	-1.0	-1.0	-1.0	-1.0	-1.0	-1.0	-1.0	-1.0	-1.0	4.37	5.84	5.45	6.02	5.8	5.45	7.14	7.69	8.33	9.09	6.45	7.14	8.0	9.09	10.0	5.88	7.14	8.33	11.11	16.67	-1.0
TFm_PYPL_neg_reg4_mult_28	82.46	0.41	10.0	13.0	12.0	270.0	0.4243	0.1765	0.1035	0.2597	0.4603	0.4989	0.5364	0.5546	0.5708	0.5979	0.5999	0.6062	0.6202	0.6275	0.6397	0.6454	0.6589	0.6625	0.6764	0.6885	0.6997	0.7557	0.7612	0.7869
TFm_PYPL_neg_reg4_mult_28_per	-1.0	-1.0	-1.0	-1.0	-1.0	-1.0	-1.0	-1.0	-1.0	5.45	5.93	7.41	8.64	8.82	11.11	14.63	13.16	14.29	12.12	13.33	11.11	12.0	13.64	15.79	17.65	14.29	18.18	11.11	16.67	-1.0
TFm_PYPL_neg_reg4_mult_64	89.09	0.29	9.0	24.4	12.0	270.0	0.4659	0.2548	0.039	0.1824	0.5178	0.5736	0.6187	0.6552	0.6972	0.7428	0.7625	0.7728	0.7861	0.7998	0.8081	0.8114	0.8242	0.8383	0.842	0.8488	0.8541	0.8587	0.87	0.9038
TFm_PYPL_neg_reg4_mult_64_per	-1.0	-1.0	-1.0	-1.0	-1.0	-1.0	-1.0	-1.0	-1.0	5.45	8.15	9.26	9.88	10.29	12.96	17.07	18.42	20.0	21.21	20.0	22.22	24.0	27.27	31.58	35.29	35.71	45.45	44.44	50.0	-1.0
TFm_PYPL_neg_reg4_mult_128	92.77	0.18	9.0	23.8	12.0	270.0	0.425	0.2529	0.0254	0.2016	0.3988	0.4943	0.5566	0.6258	0.684	0.7342	0.7485	0.7606	0.7732	0.778	0.7884	0.802	0.823	0.8319	0.843	0.8496	0.868	0.8749	0.8905	0.9674
TFm_PYPL_neg_reg4_mult_128_per	-1.0	-1.0	-1.0	-1.0	-1.0	-1.0	-1.0	-1.0	-1.0	5.94	8.15	10.19	12.35	14.71	14.81	19.51	21.05	22.86	24.24	23.33	22.22	24.0	22.73	26.32	29.41	21.43	27.27	22.22	33.33	-1.0
TFm_PYPL_neg_reg4_mult_conv2	87.06	0.45	18.0	19.8	12.0	270.0	0.8829	0.2108	0.1955	0.871	0.9975	0.9988	0.9993	0.9995	0.9997	0.9997	0.9998	0.9998	0.9998	0.9998	0.9998	0.9998	0.9999	0.9999	0.9999	0.9999	0.9999	0.9999	0.9999	1.0
TFm_PYPL_neg_reg4_mult_conv2_per	-1.0	-1.0	-1.0	-1.0	-1.0	-1.0	-1.0	-1.0	-1.0	5.94	7.41	9.26	11.9	14.49	21.28	21.28	17.24	17.24	17.24	17.24	17.24	17.24	25.0	25.0	25.0	25.0	25.0	25.0	25.0	-1.0
TFm_PYPL_neg_reg4_mult_conv	94.42	0.17	9.0	11.2	12.0	270.0	0.4883	0.2036	0.1008	0.3167	0.4907	0.5491	0.6092	0.645	0.6714	0.6996	0.7093	0.7218	0.7293	0.7481	0.7815	0.7969	0.8116	0.8175	0.8279	0.8342	0.8433	0.852	0.8681	0.912
TFm_PYPL_neg_reg4_mult_conv_per	-1.0	-1.0	-1.0	-1.0	-1.0	-1.0	-1.0	-1.0	-1.0	5.45	8.15	9.26	9.88	10.29	11.11	14.63	15.79	17.14	15.15	13.33	11.11	8.0	9.09	10.53	11.76	14.29	18.18	22.22	16.67	-1.0
TFm_PYPL_neg_reg4__simp_cordo	78.25	0.49	9.0	13.6	12.0	270.0	0.4847	0.2127	0.1531	0.166	0.6004	0.6168	0.6344	0.6416	0.6483	0.654	0.6566	0.6573	0.6642	0.6652	0.6673	0.6719	0.6741	0.6752	0.6762	0.6806	0.6886	0.6947	0.6987	0.7046
TFm_PYPL_neg_reg4__simp_cordo_per	-1.0	-1.0	-1.0	-1.0	-1.0	-1.0	-1.0	-1.0	-1.0	5.45	6.67	6.48	6.17	7.35	9.26	9.76	10.53	11.43	12.12	13.33	14.81	12.0	13.64	15.79	17.65	14.29	9.09	11.11	16.67	-1.0
TFm_PYPL_neg_reg4_mult_linear	75.3	0.49	12.0	17.0	12.0	270.0	0.5615	0.2666	0.0112	0.2658	0.6456	0.7035	0.7568	0.7731	0.8047	0.832	0.8359	0.8388	0.8472	0.8523	0.8591	0.8679	0.8702	0.8877	0.9079	0.9152	0.9268	0.9333	0.9377	0.9705
TFm_PYPL_neg_reg4_mult_linear_per	-1.0	-1.0	-1.0	-1.0	-1.0	-1.0	-1.0	-1.0	-1.0	4.95	7.41	7.41	8.64	8.82	9.26	12.2	13.16	14.29	15.15	16.67	14.81	16.0	18.18	21.05	17.65	21.43	27.27	33.33	16.67	-1.0
TFm_PYPL_neg_reg4_mult_dense2	79.57	0.44	8.0	11.2	12.0	270.0	0.4753	0.3095	0.0002	0.1331	0.5417	0.5873	0.6375	0.6717	0.7204	0.8034	0.8199	0.8371	0.8472	0.8837	0.8942	0.9066	0.9175	0.9244	0.9298	0.9489	0.9654	0.9715	0.9851	0.993
TFm_PYPL_neg_reg4_mult_dense2_per	-1.0	-1.0	-1.0	-1.0	-1.0	-1.0	-1.0	-1.0	-1.0	5.45	7.41	8.33	8.64	8.82	11.11	9.76	10.53	11.43	12.12	13.33	15.38	12.0	9.09	5.26	5.88	7.14	9.09	11.11	16.67	-1.0
TFm_PYPL_neg_reg4_mult_lstm	93.89	0.17	12.0	28.0	12.0	270.0	0.3056	0.3225	0.0	0.0008	0.1603	0.3509	0.5235	0.6064	0.6477	0.7377	0.7504	0.7783	0.791	0.7949	0.8121	0.8138	0.827	0.8447	0.8706	0.8856	0.9094	0.9151	0.9435	0.9674
TFm_PYPL_neg_reg4_mult_lstm_per	-1.0	-1.0	-1.0	-1.0	-1.0	-1.0	-1.0	-1.0	-1.0	5.94	8.15	10.19	13.58	16.18	20.37	21.95	21.05	22.22	24.24	26.67	25.93	28.0	31.82	31.58	29.41	35.71	36.36	44.44	66.67	-1.0
TFm_PYPL_neg_reg4__mult_gru	91.0	0.23	11.0	22.7	12.0	270.0	0.4193	0.3772	0.0051	0.0174	0.3946	0.5762	0.7505	0.8184	0.8589	0.9007	0.906	0.9156	0.9205	0.9317	0.9363	0.9383	0.9422	0.9488	0.9502	0.9544	0.9596	0.9604	0.9641	0.9704
TFm_PYPL_neg_reg4__mult_gru_per	-1.0	-1.0	-1.0	-1.0	-1.0	-1.0	-1.0	-1.0	-1.0	5.91	8.89	11.21	13.58	14.71	18.52	19.51	21.05	20.0	21.21	20.0	22.22	24.0	22.73	26.32	29.41	28.57	36.36	37.5	50.0	-1.0
TFm_PYPL_neg_low1_mult_64	91.88	0.23	8.0	20.2	14.0	265.0	0.5124	0.1423	0.1894	0.3953	0.5761	0.5907	0.6069	0.6149	0.6227	0.6305	0.6328	0.6381	0.64	0.6409	0.6422	0.6449	0.647	0.6485	0.6512	0.6552	0.6631	0.6676	0.6809	0.7103
TFm_PYPL_neg_low1_mult_64_per	-1.0	-1.0	-1.0	-1.0	-1.0	-1.0	-1.0	-1.0	-1.0	7.07	9.09	9.43	11.25	11.94	12.96	15.0	15.79	14.29	15.62	17.24	18.52	20.83	22.73	26.32	31.25	35.71	36.36	50.0	50.0	-1.0
TFm_PYPL_neg_low1_mult_128	92.85	0.19	9.0	25.8	14.0	265.0	0.3055	0.2003	0.0141	0.1412	0.2808	0.3242	0.3786	0.4152	0.4623	0.4985	0.5112	0.5245	0.5301	0.5483	0.5835	0.6246	0.6503	0.6566	0.6936	0.7094	0.7275	0.7608	0.7992	0.9734
TFm_PYPL_neg_low1_mult_128_per	-1.0	-1.0	-1.0	-1.0	-1.0	-1.0	-1.0	-1.0	-1.0	6.57	8.27	9.43	11.25	13.64	13.21	17.5	18.92	20.0	21.88	24.14	25.93	29.17	27.27	26.32	18.75	21.43	18.18	25.0	16.67	-1.0
TFm_PYPL_neg_low1_mult_conv2	78.62	0.93	11.0	16.7	14.0	265.0	0.9135	0.1336	0.5327	0.8246	0.9917	0.993	0.9938	0.9942	0.9947	0.9953	0.9956	0.9956	0.9958	0.9958	0.9959	0.9961	0.9963	0.9964	0.9966	0.9968	0.9969	0.997	0.9973	0.9978
TFm_PYPL_neg_low1_mult_conv2_per	-1.0	-1.0	-1.0	-1.0	-1.0	-1.0	-1.0	-1.0	-1.0	7.07	6.98	8.41	8.97	9.23	10.91	12.2	10.53	10.53	13.79	13.79	14.81	16.67	20.0	21.05	17.65	20.0	30.0	37.5	50.0	-1.0
TFm_PYPL_neg_low1_mult_conv	97.4	0.09	8.0	15.5	14.0	265.0	0.6443	0.1635	0.291	0.4696	0.7188	0.7383	0.7564	0.7649	0.7773	0.7843	0.7872	0.7896	0.7928	0.7958	0.7971	0.8	0.8032	0.8063	0.8092	0.8125	0.8154	0.821	0.8306	0.8963
TFm_PYPL_neg_low1_mult_conv_per	-1.0	-1.0	-1.0	-1.0	-1.0	-1.0	-1.0	-1.0	-1.0	7.04	7.52	8.49	10.0	10.45	13.21	12.5	13.51	14.29	15.62	16.67	14.81	16.67	13.64	15.79	12.5	14.29	18.18	12.5	16.67	-1.0
TFm_PYPL_neg_low1__simp_cordo	84.93	0.37	20.0	8.6	14.0	265.0	0.4639	0.3836	0.0089	0.0142	0.7331	0.7892	0.8206	0.8308	0.8377	0.8413	0.8427	0.8441	0.8445	0.8448	0.8456	0.8462	0.8468	0.8478	0.8487	0.8495	0.8504	0.852	0.8527	0.8554
TFm_PYPL_neg_low1__simp_cordo_per	-1.0	-1.0	-1.0	-1.0	-1.0	-1.0	-1.0	-1.0	-1.0	6.53	9.09	9.43	10.0	8.96	7.69	10.0	10.81	8.57	9.38	6.9	7.41	8.0	9.09	10.53	12.5	15.38	18.18	12.5	16.67	-1.0
TFm_PYPL_neg_low1_mult_lstm	95.91	0.13	17.0	25.8	14.0	265.0	0.3022	0.3826	0.0	0.0	0.0231	0.2315	0.5509	0.6663	0.7955	0.8578	0.889	0.9178	0.9365	0.9467	0.9584	0.9631	0.9672	0.9783	0.9821	0.9834	0.9884	0.9914	0.9921	0.9959
TFm_PYPL_neg_low1_mult_lstm_per	-1.0	-1.0	-1.0	-1.0	-1.0	-1.0	-1.0	-1.0	-1.0	5.28	9.09	10.38	11.25	13.43	15.09	17.5	18.92	20.0	21.88	23.33	25.93	25.0	27.27	31.58	25.0	30.77	27.27	22.22	33.33	-1.0
TFm_PYPL_neg_low1__mult_gru	91.62	0.23	8.0	4.1	14.0	265.0	0.4027	0.1766	0.0755	0.1598	0.5059	0.5101	0.5133	0.516	0.52	0.5215	0.5219	0.5226	0.5237	0.5247	0.5252	0.5268	0.5276	0.5281	0.5289	0.5299	0.5307	0.5335	0.5351	0.5769
TFm_PYPL_neg_low1__mult_gru_per	-1.0	-1.0	-1.0	-1.0	-1.0	-1.0	-1.0	-1.0	-1.0	7.07	6.02	5.66	7.5	8.96	9.43	2.5	2.7	2.86	3.03	3.45	3.7	4.17	4.76	5.26	6.25	7.14	9.09	12.5	16.67	-1.0
TFm_PYPL_pos_vgood16_mult_28	64.71	0.63	11.0	3.8	9.0	284.0	0.4908	0.1154	0.3615	0.4136	0.4368	0.4544	0.4983	0.5248	0.5855	0.7052	0.7059	0.7089	0.7108	0.7122	0.713	0.7149	0.716	0.7177	0.7184	0.7198	0.7205	0.7224	0.7302	0.7844
TFm_PYPL_pos_vgood16_mult_28_per	-1.0	-1.0	-1.0	-1.0	-1.0	-1.0	-1.0	-1.0	-1.0	3.29	3.52	4.39	5.88	5.63	3.51	2.27	2.5	2.7	2.94	3.33	3.45	3.85	4.35	5.0	5.88	7.14	8.33	11.11	16.67	-1.0
TFm_PYPL_pos_vgood16_mult_64	75.03	0.5	20.0	18.9	9.0	284.0	0.4709	0.225	0.0279	0.2772	0.4894	0.5387	0.5928	0.664	0.7177	0.728	0.7286	0.7312	0.7331	0.7355	0.7549	0.7691	0.7807	0.8099	0.8152	0.8508	0.8636	0.8731	0.8837	0.9532
TFm_PYPL_pos_vgood16_mult_64_per	-1.0	-1.0	-1.0	-1.0	-1.0	-1.0	-1.0	-1.0	-1.0	3.76	4.93	5.26	7.06	8.45	8.77	11.63	12.5	13.51	14.71	15.62	17.24	19.23	21.74	25.0	29.41	33.33	36.36	44.44	50.0	-1.0
TFm_PYPL_pos_vgood16_mult_128	76.05	0.46	21.0	19.4	9.0	284.0	0.5518	0.2679	0.0242	0.2926	0.607	0.6987	0.7426	0.7789	0.8061	0.8309	0.8383	0.8554	0.8594	0.8685	0.8736	0.8787	0.8863	0.8929	0.9156	0.9348	0.9506	0.9528	0.9565	0.98
TFm_PYPL_pos_vgood16_mult_128_per	-1.0	-1.0	-1.0	-1.0	-1.0	-1.0	-1.0	-1.0	-1.0	3.76	5.63	7.02	7.06	8.45	10.53	13.95	15.0	16.22	17.65	15.62	17.24	19.23	21.74	25.0	29.41	33.33	16.67	25.0	33.33	-1.0
TFm_PYPL_pos_vgood16_mult_conv2	80.19	0.41	19.0	19.7	9.0	284.0	0.508	0.3151	0.0023	0.1913	0.5551	0.7101	0.7637	0.7975	0.8265	0.8597	0.8627	0.8644	0.8651	0.8701	0.8788	0.8848	0.893	0.9133	0.916	0.923	0.9413	0.9513	0.9613	0.9799
TFm_PYPL_pos_vgood16_mult_conv2_per	-1.0	-1.0	-1.0	-1.0	-1.0	-1.0	-1.0	-1.0	-1.0	3.76	5.63	7.02	8.24	8.45	10.53	14.29	15.0	16.22	17.65	18.75	20.69	19.23	21.74	20.0	23.53	26.67	25.0	33.33	33.33	-1.0
TFm_PYPL_pos_vgood16_mult_conv	68.6	0.57	9.0	3.8	9.0	284.0	0.5573	0.1274	0.2977	0.4757	0.53	0.5553	0.5845	0.6109	0.6418	0.7529	0.767	0.7804	0.7895	0.7927	0.7933	0.7943	0.7964	0.7989	0.8019	0.8032	0.8039	0.8041	0.8096	0.8747
TFm_PYPL_pos_vgood16_mult_conv_per	-1.0	-1.0	-1.0	-1.0	-1.0	-1.0	-1.0	-1.0	-1.0	3.76	4.23	4.35	5.88	6.94	7.02	2.33	2.5	2.7	2.94	3.12	3.45	3.85	4.35	5.0	5.56	6.67	8.33	11.11	16.67	-1.0
TFm_PYPL_pos_vgood16_mult_linear	62.17	0.65	10.0	3.8	9.0	284.0	0.5654	0.1246	0.3985	0.481	0.5113	0.5416	0.5649	0.5996	0.6489	0.809	0.8103	0.811	0.8112	0.8132	0.8137	0.8145	0.8189	0.8195	0.8197	0.8203	0.8226	0.8233	0.8246	0.8316
TFm_PYPL_pos_vgood16_mult_linear_per	-1.0	-1.0	-1.0	-1.0	-1.0	-1.0	-1.0	-1.0	-1.0	3.29	4.23	4.39	5.88	5.63	1.75	2.33	2.5	2.63	2.86	3.12	3.45	3.85	4.35	5.0	5.88	6.67	8.33	11.11	16.67	-1.0
TFm_PYPL_pos_vgood16_mult_lstm	74.97	0.49	16.0	18.9	9.0	284.0	0.4317	0.2292	0.0076	0.315	0.4252	0.5245	0.5602	0.6046	0.6551	0.6788	0.6796	0.6826	0.6927	0.6969	0.7196	0.736	0.7436	0.7496	0.7545	0.7715	0.7752	0.7978	0.8732	0.9495
TFm_PYPL_pos_vgood16_mult_lstm_per	-1.0	-1.0	-1.0	-1.0	-1.0	-1.0	-1.0	-1.0	-1.0	4.23	6.34	7.02	9.41	8.45	8.77	11.63	12.5	13.51	14.71	15.62	17.24	19.23	21.74	25.0	23.53	26.67	33.33	44.44	66.67	-1.0
TFm_PYPL_pos_vgood16__mult_gru	66.82	0.58	10.0	3.7	9.0	284.0	0.6011	0.1491	0.3861	0.4836	0.5471	0.5764	0.6318	0.7114	0.795	0.8445	0.8487	0.8538	0.8543	0.8546	0.8552	0.8562	0.8571	0.8572	0.8574	0.8583	0.86	0.8626	0.8681	0.88
TFm_PYPL_pos_vgood16__mult_gru_per	-1.0	-1.0	-1.0	-1.0	-1.0	-1.0	-1.0	-1.0	-1.0	3.76	4.93	6.14	5.88	7.04	8.77	2.33	2.5	2.7	3.03	3.23	3.45	3.85	4.17	4.76	5.26	6.67	8.33	11.11	16.67	-1.0
TFm_PYPL_pos_good9_mult_28	83.96	0.38	14.0	26.9	15.0	278.0	0.412	0.2639	0.0054	0.1685	0.432	0.4817	0.5747	0.6305	0.6861	0.756	0.7638	0.7703	0.7735	0.7833	0.7903	0.798	0.8039	0.8179	0.8217	0.8247	0.832	0.8357	0.8408	0.9148
TFm_PYPL_pos_good9_mult_28_per	-1.0	-1.0	-1.0	-1.0	-1.0	-1.0	-1.0	-1.0	-1.0	7.21	10.79	12.61	14.29	17.14	16.07	21.43	20.51	22.22	20.59	22.58	25.0	28.0	30.43	35.0	41.18	42.86	41.67	33.33	33.33	-1.0
TFm_PYPL_pos_good9_mult_64	87.13	0.3	10.0	21.4	15.0	278.0	0.4411	0.2146	0.0708	0.2585	0.4158	0.4849	0.5458	0.6147	0.6622	0.703	0.7153	0.7197	0.7337	0.7507	0.7658	0.7694	0.7769	0.7868	0.7976	0.807	0.8421	0.8498	0.8673	0.8899
TFm_PYPL_pos_good9_mult_64_per	-1.0	-1.0	-1.0	-1.0	-1.0	-1.0	-1.0	-1.0	-1.0	6.25	7.19	8.11	10.71	11.43	10.71	14.29	15.38	16.67	17.65	19.35	21.43	24.0	26.09	20.0	23.53	28.57	33.33	44.44	50.0	-1.0
TFm_PYPL_pos_good9_mult_128	93.73	0.18	9.0	14.6	15.0	278.0	0.5228	0.2212	0.0505	0.3561	0.5319	0.5873	0.662	0.6952	0.73	0.7857	0.7919	0.8012	0.8157	0.823	0.8284	0.8461	0.8488	0.8564	0.8602	0.8688	0.8753	0.886	0.8951	0.9387
TFm_PYPL_pos_good9_mult_128_per	-1.0	-1.0	-1.0	-1.0	-1.0	-1.0	-1.0	-1.0	-1.0	6.73	9.35	9.91	11.9	14.29	12.5	16.67	15.38	13.51	11.76	12.9	14.29	16.0	17.39	15.0	17.65	21.43	25.0	33.33	50.0	-1.0
TFm_PYPL_pos_good9_mult_conv2	93.92	0.15	14.0	14.0	15.0	278.0	0.412	0.3763	0.0002	0.0515	0.2606	0.5275	0.7238	0.7971	0.8941	0.9438	0.9495	0.9559	0.9604	0.9636	0.969	0.9765	0.9786	0.9807	0.9848	0.9875	0.9897	0.9925	0.9958	0.9982
TFm_PYPL_pos_good9_mult_conv2_per	-1.0	-1.0	-1.0	-1.0	-1.0	-1.0	-1.0	-1.0	-1.0	6.73	9.35	11.71	15.48	17.14	17.86	21.43	17.95	16.22	17.65	12.9	14.29	15.38	13.64	10.0	11.76	14.29	16.67	22.22	16.67	-1.0
TFm_PYPL_pos_good9_mult_dense2	86.16	0.32	8.0	16.4	15.0	278.0	0.6026	0.1598	0.1452	0.4853	0.519	0.5862	0.7142	0.7421	0.7702	0.7999	0.8101	0.8118	0.8186	0.8263	0.8387	0.8554	0.8642	0.8742	0.8915	0.8943	0.9049	0.9187	0.9306	0.9666
TFm_PYPL_pos_good9_mult_dense2_per	-1.0	-1.0	-1.0	-1.0	-1.0	-1.0	-1.0	-1.0	-1.0	6.7	7.91	9.01	10.71	11.43	10.71	11.9	12.82	13.89	14.71	16.13	14.29	16.0	17.39	20.0	23.53	28.57	33.33	44.44	50.0	-1.0
TFm_PYPL_pos_good9_mult_lstm	91.98	0.19	9.0	23.2	15.0	278.0	0.6353	0.2564	0.0121	0.5179	0.6999	0.7143	0.7369	0.8316	0.8636	0.9043	0.9091	0.9106	0.9125	0.9162	0.9222	0.9282	0.9303	0.9329	0.9368	0.9415	0.9459	0.9512	0.9818	0.9955
TFm_PYPL_pos_good9_mult_lstm_per	-1.0	-1.0	-1.0	-1.0	-1.0	-1.0	-1.0	-1.0	-1.0	6.73	10.07	10.81	9.52	10.0	10.71	14.29	15.38	16.22	18.18	19.35	21.43	24.0	26.09	30.0	35.29	42.86	50.0	66.67	66.67	-1.0
TFm_PYPL_pos_good9__mult_gru	88.23	0.29	8.0	7.7	15.0	278.0	0.5272	0.2293	0.1087	0.3376	0.5273	0.6048	0.6579	0.7121	0.7627	0.8119	0.8339	0.8374	0.8447	0.8527	0.8566	0.8646	0.8725	0.8825	0.8883	0.8968	0.8987	0.9029	0.9082	0.921
TFm_PYPL_pos_good9__mult_gru_per	-1.0	-1.0	-1.0	-1.0	-1.0	-1.0	-1.0	-1.0	-1.0	7.21	8.63	10.81	13.1	12.86	12.5	4.76	5.13	5.56	5.88	6.45	7.14	8.0	8.7	10.0	11.76	14.29	16.67	22.22	33.33	-1.0
TFm_PYPL_pos_reg4_mult_28	87.72	0.32	11.0	12.6	15.0	265.0	0.4709	0.1711	0.0942	0.3555	0.4718	0.5229	0.5621	0.5743	0.5963	0.6538	0.6692	0.6813	0.6873	0.6977	0.704	0.7139	0.7259	0.7438	0.7523	0.7752	0.7843	0.7952	0.8129	0.8618
TFm_PYPL_pos_reg4_mult_28_per	-1.0	-1.0	-1.0	-1.0	-1.0	-1.0	-1.0	-1.0	-1.0	7.04	9.85	10.38	11.25	8.96	11.32	10.0	10.81	11.43	12.5	10.0	11.11	12.5	13.64	15.79	18.75	21.43	18.18	12.5	16.67	-1.0
TFm_PYPL_pos_reg4_mult_64	95.59	0.12	20.0	32.8	15.0	265.0	0.3998	0.3278	0.0008	0.0916	0.3485	0.4665	0.5959	0.6544	0.753	0.8723	0.8847	0.8942	0.9002	0.9117	0.9188	0.931	0.9382	0.951	0.9528	0.955	0.964	0.9714	0.977	0.9951
TFm_PYPL_pos_reg4_mult_64_per	-1.0	-1.0	-1.0	-1.0	-1.0	-1.0	-1.0	-1.0	-1.0	7.54	9.77	12.26	16.25	17.91	22.64	30.0	27.03	28.57	31.25	30.0	33.33	33.33	31.82	36.84	37.5	42.86	45.45	50.0	50.0	-1.0
TFm_PYPL_pos_reg4_mult_128	96.07	0.1	15.0	24.0	15.0	265.0	0.369	0.3419	0.0003	0.0643	0.2611	0.3882	0.5773	0.6455	0.7376	0.8503	0.8817	0.8911	0.9033	0.9281	0.9305	0.9539	0.9681	0.9752	0.9807	0.9821	0.9856	0.9897	0.9926	0.9994
TFm_PYPL_pos_reg4_mult_128_per	-1.0	-1.0	-1.0	-1.0	-1.0	-1.0	-1.0	-1.0	-1.0	7.54	10.61	13.21	15.0	18.18	20.75	25.0	24.32	22.86	21.88	23.33	25.93	29.17	22.73	21.05	25.0	28.57	36.36	50.0	50.0	-1.0
TFm_PYPL_pos_reg4_mult_conv2	75.37	0.74	8.0	14.4	15.0	265.0	0.8902	0.0332	0.815	0.8587	0.9044	0.9067	0.9102	0.9123	0.9141	0.9161	0.9166	0.9171	0.9174	0.9192	0.9222	0.9251	0.9266	0.9286	0.9301	0.931	0.9337	0.9342	0.9359	0.9415
TFm_PYPL_pos_reg4_mult_conv2_per	-1.0	-1.0	-1.0	-1.0	-1.0	-1.0	-1.0	-1.0	-1.0	6.06	7.52	6.54	7.5	8.82	9.43	12.5	10.81	11.43	12.5	13.79	14.81	16.67	18.18	10.53	12.5	14.29	20.0	25.0	28.57	-1.0
TFm_PYPL_pos_reg4_mult_lstm	97.63	0.08	16.0	20.1	15.0	265.0	0.3803	0.4179	0.0	0.0036	0.1171	0.3745	0.8101	0.9032	0.9456	0.9694	0.9721	0.9824	0.9846	0.9862	0.9901	0.9919	0.9941	0.9956	0.9965	0.9972	0.998	0.9991	0.9994	0.9999
TFm_PYPL_pos_reg4_mult_lstm_per	-1.0	-1.0	-1.0	-1.0	-1.0	-1.0	-1.0	-1.0	-1.0	7.58	9.77	11.32	15.0	16.67	20.75	22.5	24.32	22.86	18.75	20.0	22.22	20.83	22.73	15.79	17.65	21.43	18.18	12.5	16.67	-1.0
TFm_PYPL_pos_reg4__mult_gru	90.37	0.23	10.0	20.1	15.0	265.0	0.4993	0.2648	0.0382	0.257	0.5677	0.6319	0.6715	0.6928	0.7158	0.7662	0.7768	0.8041	0.8091	0.8123	0.8308	0.8472	0.8606	0.8662	0.8702	0.8785	0.9018	0.9432	0.9541	0.9821
TFm_PYPL_pos_reg4__mult_gru_per	-1.0	-1.0	-1.0	-1.0	-1.0	-1.0	-1.0	-1.0	-1.0	6.53	9.85	12.26	13.75	16.42	15.09	17.5	18.92	14.29	15.62	16.67	18.52	20.83	22.73	26.32	31.25	28.57	27.27	37.5	50.0	-1.0
TFm_PYPL_pos_low1_mult_64	90.31	0.24	9.0	17.6	21.0	265.0	0.5761	0.1354	0.2322	0.4575	0.5951	0.6228	0.6495	0.6782	0.6951	0.721	0.7262	0.7304	0.7404	0.7427	0.7504	0.7547	0.7611	0.7671	0.7766	0.7909	0.7985	0.8004	0.8091	0.8688
TFm_PYPL_pos_low1_mult_64_per	-1.0	-1.0	-1.0	-1.0	-1.0	-1.0	-1.0	-1.0	-1.0	10.61	12.88	15.09	18.75	20.9	20.75	20.0	18.92	17.14	18.75	17.24	14.81	16.67	18.18	20.0	18.75	14.29	9.09	11.11	16.67	-1.0
TFm_PYPL_pos_low1_mult_128	94.55	0.15	9.0	20.3	21.0	265.0	0.5229	0.1655	0.0969	0.4022	0.5446	0.5772	0.6266	0.6511	0.6737	0.6943	0.7	0.7039	0.7066	0.7203	0.7224	0.7247	0.7312	0.7355	0.7406	0.7591	0.7746	0.7931	0.8012	0.919
TFm_PYPL_pos_low1_mult_128_per	-1.0	-1.0	-1.0	-1.0	-1.0	-1.0	-1.0	-1.0	-1.0	10.05	13.53	16.04	17.5	18.18	20.75	22.5	24.32	22.86	18.75	20.0	18.52	20.83	22.73	21.05	25.0	28.57	27.27	25.0	33.33	-1.0
TFm_PYPL_pos_low1__simp_cordo	84.25	0.33	16.0	31.6	21.0	265.0	0.6366	0.2677	0.0294	0.5124	0.7422	0.783	0.8164	0.8352	0.8512	0.8629	0.8655	0.8671	0.871	0.8738	0.8747	0.8807	0.8876	0.894	0.9033	0.9139	0.9305	0.9389	0.9461	0.964
TFm_PYPL_pos_low1__simp_cordo_per	-1.0	-1.0	-1.0	-1.0	-1.0	-1.0	-1.0	-1.0	-1.0	10.55	15.79	17.92	20.0	19.7	22.64	25.0	24.32	25.71	28.12	26.67	28.57	33.33	36.36	36.84	37.5	42.86	45.45	50.0	33.33	-1.0
TFm_PYPL_pos_low1_mult_linear	72.95	0.55	13.0	18.4	21.0	265.0	0.697	0.1834	0.1935	0.5717	0.714	0.7721	0.8302	0.8549	0.8785	0.9028	0.9063	0.9105	0.9216	0.9303	0.9355	0.9392	0.9421	0.9456	0.9493	0.9528	0.9559	0.961	0.9637	0.9818
TFm_PYPL_pos_low1_mult_linear_per	-1.0	-1.0	-1.0	-1.0	-1.0	-1.0	-1.0	-1.0	-1.0	10.61	14.29	16.04	13.75	16.67	18.87	17.5	18.92	20.0	18.75	20.0	21.43	20.83	13.64	15.79	12.5	14.29	20.0	25.0	33.33	-1.0
TFm_PYPL_pos_low1_mult_dense2	80.62	0.44	8.0	20.8	21.0	265.0	0.667	0.0735	0.5073	0.6038	0.6787	0.7009	0.7172	0.7273	0.7365	0.7476	0.7486	0.7509	0.7518	0.7533	0.7542	0.759	0.7616	0.7624	0.7637	0.7682	0.7697	0.7734	0.7826	0.7948
TFm_PYPL_pos_low1_mult_dense2_per	-1.0	-1.0	-1.0	-1.0	-1.0	-1.0	-1.0	-1.0	-1.0	8.04	10.61	13.21	15.0	16.42	15.09	17.5	18.92	20.0	18.75	20.0	22.22	24.0	19.05	21.05	25.0	28.57	25.0	12.5	16.67	-1.0
TFm_PYPL_pos_low1_mult_lstm	93.07	0.2	11.0	27.0	21.0	265.0	0.3183	0.2977	0.0004	0.0549	0.2145	0.3248	0.462	0.594	0.6622	0.7406	0.7445	0.7714	0.7888	0.8113	0.8127	0.8204	0.8243	0.8263	0.8306	0.8332	0.8395	0.8436	0.8575	0.9773
TFm_PYPL_pos_low1_mult_lstm_per	-1.0	-1.0	-1.0	-1.0	-1.0	-1.0	-1.0	-1.0	-1.0	10.55	15.79	19.81	21.52	22.39	22.64	20.0	21.62	22.86	25.0	23.33	25.93	29.17	27.27	31.58	25.0	28.57	27.27	37.5	33.33	-1.0
TFm_PYPL_pos_low1__mult_gru	84.12	0.37	8.0	25.8	21.0	265.0	0.5652	0.1003	0.3696	0.488	0.5683	0.5978	0.6231	0.6292	0.6379	0.6511	0.6515	0.6549	0.6564	0.6594	0.6609	0.662	0.6649	0.667	0.6707	0.6974	0.7571	0.8153	0.852	0.8804
TFm_PYPL_pos_low1__mult_gru_per	-1.0	-1.0	-1.0	-1.0	-1.0	-1.0	-1.0	-1.0	-1.0	10.55	14.39	14.15	16.25	19.7	22.64	27.5	24.32	22.86	21.88	23.33	25.93	25.0	27.27	31.58	37.5	35.71	45.45	37.5	50.0	-1.0
