Date	Open	High	Low	Close	Volume
2023-05-04 04:00:00	37.82	37.82	37.82	37.82	563
2023-05-04 04:45:00	37.72	37.73	37.66	37.66	3546
2023-05-04 05:30:00	37.7	37.7	37.69	37.69	660
2023-05-04 05:45:00	37.67	37.67	37.67	37.67	1252
2023-05-04 06:00:00	37.67	37.67	37.65	37.65	1416
2023-05-04 06:15:00	37.65	37.65	37.65	37.65	765
2023-05-04 06:45:00	37.65	37.66	37.65	37.66	470
2023-05-04 07:00:00	37.68	37.73	37.65	37.73	15100
2023-05-04 07:30:00	37.69	37.69	37.65	37.65	4859
2023-05-04 07:45:00	37.7	37.7	37.65	37.65	16916
2023-05-04 08:00:00	37.68	37.75	37.41	37.5	100496
2023-05-04 08:15:00	37.51	37.55	37.46	37.51	21874
2023-05-04 08:30:00	37.55	37.65	37.5	37.64	40267
2023-05-04 08:45:00	37.62	37.68	37.52	37.52	11971
2023-05-04 09:00:00	37.52	37.67	37.45	37.5509	49532
2023-05-04 09:15:00	37.55	37.6	37.3	37.45	51100
2023-05-04 09:30:00	37.48	37.65	37.06	37.085	4102916
2023-05-04 09:45:00	37.09	37.445	36.87	37.26	3180729
2023-05-04 10:00:00	37.265	37.69	37.16	37.2538	2696033
2023-05-04 10:15:00	37.25	37.37	36.92	36.945	2276537
2023-05-04 10:30:00	36.94	37.105	36.765	36.79	1851059
2023-05-04 10:45:00	36.8	37.25	36.78	36.99	2166861
2023-05-04 11:00:00	36.98	37.31	36.93	37.2875	1358716
2023-05-04 11:15:00	37.285	37.34	37.12	37.12	903827
2023-05-04 11:30:00	37.125	37.3	37.05	37.201	840165
2023-05-04 11:45:00	37.18	37.2301	36.9492	36.9492	918537
2023-05-04 12:00:00	36.94	37.0067	36.685	36.77	1374816
2023-05-04 12:15:00	36.775	37.15	36.77	37.085	1497273
2023-05-04 12:30:00	37.075	37.45	36.96	37.375	1490900
2023-05-04 12:45:00	37.375	37.5	37.365	37.435	1240537
2023-05-04 13:00:00	37.44	37.51	37.36	37.445	1265568
2023-05-04 13:15:00	37.44	37.535	37.291	37.375	1124671
2023-05-04 13:30:00	37.375	37.52	37.355	37.445	715601
2023-05-04 13:45:00	37.445	37.6	37.375	37.59	1061283
2023-05-04 14:00:00	37.595	37.77	37.565	37.64	1571699
2023-05-04 14:15:00	37.635	37.645	37.46	37.605	1484688
2023-05-04 14:30:00	37.6	37.79	37.49	37.75	1542379
2023-05-04 14:45:00	37.745	37.8	37.55	37.5591	1184370
2023-05-04 15:00:00	37.55	37.63	37.47	37.485	957073
2023-05-04 15:15:00	37.48	37.7	37.465	37.645	1237758
2023-05-04 15:30:00	37.645	37.77	37.57	37.5865	1758897
2023-05-04 15:45:00	37.58	37.62	37.47	37.495	2504351
2023-05-04 16:00:00	37.49	37.62	37.1	37.5	204058
2023-05-04 16:15:00	37.51	37.59	37.4	37.4001	18253
2023-05-04 16:30:00	37.43	37.5	37.35	37.38	113483
2023-05-04 16:45:00	37.38	37.43	37.3	37.43	57116
2023-05-04 17:00:00	37.4	37.44	37.39	37.42	6574
2023-05-04 17:15:00	37.39	37.43	37.39	37.39	5791
2023-05-04 17:30:00	37.35	37.5	37.32	37.48	1903
2023-05-04 17:45:00	37.47	37.5	37.4	37.4	562
2023-05-04 18:00:00	37.3999	37.4	37.2	37.2	6077
2023-05-04 18:15:00	37.36	37.36	37.25	37.2501	3921
2023-05-04 18:30:00	37.3	37.4	37.3	37.39	3037
2023-05-04 18:45:00	37.31	37.31	37.31	37.31	238
2023-05-04 19:00:00	37.4	37.4	37.34	37.38	1212
2023-05-04 19:15:00	37.39	37.39	37.39	37.39	353
2023-05-04 19:30:00	37.39	37.45	37.36	37.36	2639
2023-05-04 19:45:00	37.45	37.5	37.36	37.36	2783
2023-05-05 04:00:00	37.5	37.5	37.5	37.5	100
2023-05-05 04:15:00	37.5	37.5	37.5	37.5	230
2023-05-05 05:30:00	37.48	37.48	37.48	37.48	226
2023-05-05 05:45:00	37.38	37.38	37.38	37.38	100
2023-05-05 06:00:00	37.44	37.44	37.44	37.44	800
2023-05-05 06:15:00	37.44	37.44	37.44	37.44	169
2023-05-05 06:30:00	37.45	37.45	37.36	37.36	3588
2023-05-05 07:00:00	37.42	37.42	37.36	37.41	1968
2023-05-05 07:30:00	37.36	37.4	37.3	37.4	9712
2023-05-05 07:45:00	37.39	37.39	37.38	37.38	277
2023-05-05 08:00:00	37.44	37.49	37.3	37.4	10799
2023-05-05 08:15:00	37.45	37.45	37.42	37.42	4351
2023-05-05 08:30:00	37.43	37.45	37.31	37.39	20969
2023-05-05 08:45:00	37.4	37.679	37.4	37.52	43863
2023-05-05 09:00:00	37.53	37.59	37.4	37.5	22339
2023-05-05 09:15:00	37.42	37.59	37.31	37.45	16448
2023-05-05 09:30:00	37.48	37.51	36.87	37.49	2794668
2023-05-05 09:45:00	37.495	37.66	37.325	37.59	1437886
2023-05-05 10:00:00	37.59	37.88	37.4944	37.61	1450808
2023-05-05 10:15:00	37.6	37.75	37.44	37.52	1052634
2023-05-05 10:30:00	37.53	37.63	37.44	37.5195	764586
2023-05-05 10:45:00	37.52	37.56	37.16	37.26	884135
2023-05-05 11:00:00	37.26	37.38	37.14	37.32	831493
2023-05-05 11:15:00	37.3283	37.49	37.295	37.485	713981
2023-05-05 11:30:00	37.485	37.515	37.3425	37.45	507237
2023-05-05 11:45:00	37.45	37.49	37.35	37.37	413938
2023-05-05 12:00:00	37.365	37.43	37.2	37.225	529525
2023-05-05 12:15:00	37.225	37.43	37.225	37.34	508728
2023-05-05 12:30:00	37.345	37.41	37.305	37.325	498742
2023-05-05 12:45:00	37.32	37.46	37.29	37.446	509739
2023-05-05 13:00:00	37.45	37.495	37.385	37.4899	507974
2023-05-05 13:15:00	37.483	37.61	37.45	37.605	678583
2023-05-05 13:30:00	37.605	37.68	37.5202	37.595	825866
2023-05-05 13:45:00	37.595	37.79	37.58	37.785	674614
2023-05-05 14:00:00	37.785	37.8	37.7	37.7096	512186
2023-05-05 14:15:00	37.71	37.78	37.65	37.745	532724
2023-05-05 14:30:00	37.7484	37.8	37.675	37.73	622255
2023-05-05 14:45:00	37.735	37.8	37.71	37.77	693654
2023-05-05 15:00:00	37.765	37.91	37.74	37.905	808276
2023-05-05 15:15:00	37.905	37.95	37.825	37.825	1092491
2023-05-05 15:30:00	37.825	37.89	37.8	37.825	1097976
2023-05-05 15:45:00	37.825	37.845	37.71	37.77	2254329
2023-05-05 16:00:00	37.75	37.77	37.7	37.7	238838
2023-05-05 16:15:00	37.7	37.72	37.7	37.72	1290
2023-05-05 16:30:00	37.72	37.75	37.72	37.75	7098
2023-05-05 16:45:00	37.74	37.7405	37.74	37.7405	200
2023-05-05 17:00:00	37.75	37.75	37.74	37.74	316
2023-05-05 17:15:00	37.74	37.75	37.58	37.58	8122
2023-05-05 17:30:00	37.71	37.71	37.55	37.55	1104
2023-05-05 17:45:00	37.71	37.71	37.5924	37.5924	620
2023-05-05 18:00:00	37.74	37.74	37.7397	37.74	1419
2023-05-05 18:15:00	37.74	37.74	37.74	37.74	100
2023-05-05 18:30:00	37.6109	37.65	37.6	37.65	542
2023-05-05 19:00:00	37.72	37.73	37.72	37.73	576
2023-05-05 19:30:00	37.73	37.73	37.7105	37.7105	414
2023-05-05 19:45:00	37.73	37.75	37.71	37.75	2676
2023-05-08 04:00:00	37.75	37.75	37.74	37.75	1188
2023-05-08 04:15:00	37.79	37.79	37.79	37.79	239
2023-05-08 04:30:00	37.75	37.75	37.75	37.75	200
2023-05-08 04:45:00	37.75	37.75	37.7	37.7	445
2023-05-08 05:15:00	37.69	37.69	37.68	37.68	653
2023-05-08 05:45:00	37.69	37.69	37.69	37.69	483
2023-05-08 06:15:00	37.66	37.66	37.66	37.66	100
2023-05-08 06:30:00	37.73	37.73	37.73	37.73	230
2023-05-08 07:00:00	37.73	37.73	37.62	37.63	3353
2023-05-08 07:30:00	37.7	37.7	37.7	37.7	2126
2023-05-08 07:45:00	37.7	37.7	37.7	37.7	699
2023-05-08 08:00:00	37.5357	37.69	37.5	37.6	24212
2023-05-08 08:15:00	37.58	37.6899	37.52	37.6899	4477
2023-05-08 08:30:00	37.65	37.65	37.6	37.61	5033
2023-05-08 08:45:00	37.61	37.65	37.5515	37.65	14884
2023-05-08 09:00:00	37.65	37.75	37.65	37.6632	21590
2023-05-08 09:15:00	37.73	37.85	37.68	37.81	11862
2023-05-08 09:30:00	37.82	38.43	37.48	37.9975	3551467
2023-05-08 09:45:00	37.99	38.15	37.93	38.0998	1851619
2023-05-08 10:00:00	38.1	38.23	37.9	38.14	1195781
2023-05-08 10:15:00	38.14	38.4	38.05	38.155	945135
2023-05-08 10:30:00	38.1504	38.35	38.11	38.3225	737448
2023-05-08 10:45:00	38.325	38.6	38.325	38.505	1413540
2023-05-08 11:00:00	38.505	38.6	38.46	38.595	1020639
2023-05-08 11:15:00	38.595	38.75	38.53	38.56	1477792
2023-05-08 11:30:00	38.555	38.65	38.46	38.545	1253362
2023-05-08 11:45:00	38.55	38.75	38.15	38.745	1219912
2023-05-08 12:00:00	38.75	38.83	38.63	38.6915	1601642
2023-05-08 12:15:00	38.693	38.835	38.61	38.6901	708677
2023-05-08 12:30:00	38.695	38.87	38.69	38.8544	561703
2023-05-08 12:45:00	38.8511	38.93	38.76	38.835	907492
2023-05-08 13:00:00	38.84	38.85	38.71	38.715	959797
2023-05-08 13:15:00	38.715	38.82	38.64	38.66	747203
2023-05-08 13:30:00	38.655	38.75	38.56	38.7	762713
2023-05-08 13:45:00	38.7	38.72	38.6	38.65	667730
2023-05-08 14:00:00	38.65	38.655	38.5	38.535	929883
2023-05-08 14:15:00	38.535	38.64	38.485	38.625	519446
2023-05-08 14:30:00	38.625	38.75	38.6235	38.71	1160894
2023-05-08 14:45:00	38.7181	38.755	38.68	38.75	562067
2023-05-08 15:00:00	38.75	38.93	38.74	38.8399	1061478
2023-05-08 15:15:00	38.8301	38.86	38.73	38.74	1068873
2023-05-08 15:30:00	38.74	38.8	38.68	38.785	1104060
2023-05-08 15:45:00	38.78	38.875	38.7601	38.835	2085392
2023-05-08 16:00:00	38.83	38.83	38.7555	38.78	66414
2023-05-08 16:15:00	38.76	38.83	38.76	38.79	11452
2023-05-08 16:30:00	38.79	38.83	38.77	38.83	4613
2023-05-08 16:45:00	38.84	38.87	38.83	38.83	5733
2023-05-08 17:00:00	38.8301	38.87	38.83	38.85	4712
2023-05-08 17:15:00	38.84	38.84	38.84	38.84	1212
2023-05-08 17:30:00	38.83	38.83	38.77	38.77	440
2023-05-08 17:45:00	38.83	38.87	38.82	38.85	3242
2023-05-08 18:00:00	38.8208	38.88	38.8208	38.88	2707
2023-05-08 18:15:00	38.8212	38.8212	38.8212	38.8212	500
2023-05-08 18:30:00	38.8217	38.84	38.8	38.8	4872
2023-05-08 18:45:00	38.7606	38.7606	38.7606	38.7606	343
2023-05-08 19:00:00	38.79	38.83	38.79	38.83	1099
2023-05-08 19:15:00	38.8	38.8	38.8	38.8	1433
2023-05-08 19:30:00	38.78	38.8	38.77	38.8	1543
2023-05-08 19:45:00	38.8	38.89	38.8	38.89	5589
2023-05-09 04:00:00	38.52	38.52	38.52	38.52	350
2023-05-09 04:15:00	38.49	38.49	38.49	38.49	1877
2023-05-09 04:30:00	38.48	38.53	38.48	38.53	1559
2023-05-09 04:45:00	38.42	38.42	38.42	38.42	150
2023-05-09 05:00:00	38.8	38.8	38.5	38.5	1657
2023-05-09 05:15:00	38.51	38.51	38.51	38.51	812
2023-05-09 06:45:00	38.45	38.45	38.45	38.45	154
2023-05-09 07:00:00	38.61	38.73	38.56	38.56	7333
2023-05-09 07:15:00	38.46	38.5	38.45	38.5	2500
2023-05-09 07:30:00	38.48	38.5	38.43	38.5	6445
2023-05-09 07:45:00	38.48	38.48	38.43	38.43	2431
2023-05-09 08:00:00	38.71	38.71	38.38	38.42	32838
2023-05-09 08:15:00	38.5	38.54	38.42	38.49	4209
2023-05-09 08:30:00	38.4315	38.5	38.4315	38.49	3456
2023-05-09 08:45:00	38.46	38.46	38.37	38.39	9476
2023-05-09 09:00:00	38.36	38.48	38.33	38.48	8280
2023-05-09 09:15:00	38.46	38.5	38.34	38.48	19887
2023-05-09 09:30:00	38.49	38.5099	38.06	38.095	2107577
2023-05-09 09:45:00	38.105	38.5	38.04	38.405	1445478
2023-05-09 10:00:00	38.4025	38.58	38.33	38.38	934134
2023-05-09 10:15:00	38.39	38.41	38.225	38.25	631743
2023-05-09 10:30:00	38.26	38.4399	38.26	38.37	692780
2023-05-09 10:45:00	38.365	38.405	38.17	38.28	580697
2023-05-09 11:00:00	38.27	38.42	38.19	38.23	551880
2023-05-09 11:15:00	38.24	38.27	38.16	38.2008	421951
2023-05-09 11:30:00	38.205	38.39	38.19	38.365	601605
2023-05-09 11:45:00	38.365	38.45	38.27	38.28	603970
2023-05-09 12:00:00	38.28	38.29	38.12	38.1888	751002
2023-05-09 12:15:00	38.19	38.2742	38.13	38.225	563345
2023-05-09 12:30:00	38.22	38.275	38.17	38.22	323667
2023-05-09 12:45:00	38.225	38.235	38.145	38.195	368655
2023-05-09 13:00:00	38.195	38.225	38.08	38.1	422571
2023-05-09 13:15:00	38.09	38.19	38.08	38.149	356129
2023-05-09 13:30:00	38.1425	38.15	38.015	38.02	372418
2023-05-09 13:45:00	38.025	38.055	37.97	38.0175	595892
2023-05-09 14:00:00	38.02	38.1	37.905	37.975	459612
2023-05-09 14:15:00	37.97	38.13	37.96	38.115	470956
2023-05-09 14:30:00	38.115	38.16	38.06	38.135	367814
2023-05-09 14:45:00	38.135	38.135	38.0	38.0608	330449
2023-05-09 15:00:00	38.0629	38.14	38.05	38.055	399847
2023-05-09 15:15:00	38.055	38.0999	37.99	38.09	642780
2023-05-09 15:30:00	38.095	38.21	38.09	38.205	893443
2023-05-09 15:45:00	38.21	38.28	38.12	38.19	1820006
2023-05-09 16:00:00	38.19	38.21	38.18	38.19	310650
2023-05-09 16:15:00	38.21	38.22	38.21	38.21	1605
2023-05-09 16:30:00	38.24	38.25	38.21	38.25	5197
2023-05-09 16:45:00	38.24	38.29	38.11	38.25	13160
2023-05-09 17:00:00	38.26	38.29	38.26	38.26	3479
2023-05-09 17:15:00	38.25	38.25	38.19	38.19	2566
2023-05-09 17:30:00	38.255	38.255	38.1	38.2	1137
2023-05-09 17:45:00	38.1	38.19	38.1	38.19	1222
2023-05-09 18:00:00	38.1	38.1	38.1	38.1	469
2023-05-09 18:15:00	38.1035	38.2	38.1035	38.2	1057
2023-05-09 18:30:00	38.19	38.19	38.19	38.19	311
2023-05-09 18:45:00	38.19	38.21	38.18	38.18	599
2023-05-09 19:15:00	38.19	38.19	38.19	38.19	925
2023-05-09 19:45:00	38.19	38.25	38.18	38.25	2348
2023-05-10 04:00:00	38.09	38.09	38.09	38.09	2212
2023-05-10 04:30:00	37.99	37.99	37.98	37.98	6206
2023-05-10 04:45:00	37.97	37.97	37.97	37.97	1150
2023-05-10 05:30:00	38.01	38.01	38.01	38.01	200
2023-05-10 06:30:00	38.04	38.04	38.04	38.04	900
2023-05-10 06:45:00	38.01	38.01	38.01	38.01	520
2023-05-10 07:00:00	38.1	38.1	38.1	38.1	525
2023-05-10 07:15:00	38.19	38.19	38.19	38.19	290
2023-05-10 07:30:00	38.19	38.19	38.19	38.19	1000
2023-05-10 07:45:00	38.2	38.2	38.2	38.2	601
2023-05-10 08:00:00	38.03	38.25	38.02	38.02	9317
2023-05-10 08:15:00	38.09	38.09	37.92	37.9557	6370
2023-05-10 08:30:00	38.1	38.79	38.1	38.6128	41015
2023-05-10 08:45:00	38.51	38.73	38.33	38.52	22117
2023-05-10 09:00:00	38.416	38.6496	38.416	38.6	16700
2023-05-10 09:15:00	38.61	38.63	38.51	38.51	50132
2023-05-10 09:30:00	38.6	38.8	38.1699	38.345	1550574
2023-05-10 09:45:00	38.345	38.46	38.245	38.355	845267
2023-05-10 10:00:00	38.36	38.7799	38.36	38.745	1349188
2023-05-10 10:15:00	38.74	38.8	38.505	38.7476	911662
2023-05-10 10:30:00	38.745	38.79	38.4726	38.485	737863
2023-05-10 10:45:00	38.49	38.615	38.22	38.2873	727848
2023-05-10 11:00:00	38.285	38.4509	38.285	38.335	312924
2023-05-10 11:15:00	38.335	38.63	38.33	38.61	516908
2023-05-10 11:30:00	38.605	38.79	38.59	38.78	400254
2023-05-10 11:45:00	38.78	38.82	38.69	38.77	597081
2023-05-10 12:00:00	38.775	38.88	38.66	38.83	531917
2023-05-10 12:15:00	38.83	38.95	38.78	38.92	603641
2023-05-10 12:30:00	38.9201	38.945	38.8006	38.89	414808
2023-05-10 12:45:00	38.885	38.91	38.705	38.75	620873
2023-05-10 13:00:00	38.755	38.8799	38.705	38.77	519223
2023-05-10 13:15:00	38.765	38.81	38.615	38.6208	614494
2023-05-10 13:30:00	38.62	38.665	38.44	38.525	636459
2023-05-10 13:45:00	38.53	38.61	38.48	38.515	466729
2023-05-10 14:00:00	38.515	38.72	38.515	38.65	441758
2023-05-10 14:15:00	38.65	38.76	38.64	38.675	441311
2023-05-10 14:30:00	38.675	38.8	38.64	38.76	353001
2023-05-10 14:45:00	38.76	38.79	38.64	38.645	433488
2023-05-10 15:00:00	38.645	38.735	38.5801	38.65	620137
2023-05-10 15:15:00	38.645	38.76	38.625	38.685	634288
2023-05-10 15:30:00	38.69	38.8499	38.68	38.77	918529
2023-05-10 15:45:00	38.77	38.85	38.76	38.785	1905468
2023-05-10 16:00:00	38.79	38.8198	38.7	38.79	131991
2023-05-10 16:15:00	38.8	38.8	38.8	38.8	117
2023-05-10 16:30:00	38.7901	38.83	38.7901	38.8	2440
2023-05-10 16:45:00	38.8	38.8	38.8	38.8	6175
2023-05-10 17:00:00	38.8	38.83	38.8	38.83	533
2023-05-10 17:15:00	38.83	38.85	38.81	38.81	3572
2023-05-10 17:30:00	38.85	38.86	38.8001	38.86	1375
2023-05-10 17:45:00	38.81	38.81	38.8	38.8	1793
2023-05-10 18:00:00	38.79	38.79	38.79	38.79	1002
2023-05-10 19:00:00	38.8	38.8	38.8	38.8	555
2023-05-10 19:15:00	38.8	38.84	38.8	38.8	1156
2023-05-10 19:30:00	38.8	38.8	38.8	38.8	450
2023-05-10 19:45:00	38.83	38.85	38.83	38.84	2558
2023-05-11 04:00:00	38.81	38.81	38.81	38.81	565
2023-05-11 07:00:00	38.88	38.88	38.88	38.88	2093
2023-05-11 07:15:00	38.9	38.9	38.9	38.9	2029
2023-05-11 07:30:00	38.87	38.93	38.82	38.82	5552
2023-05-11 07:45:00	38.82	38.82	38.78	38.78	1619
2023-05-11 08:00:00	38.8	38.9	38.74	38.83	27353
2023-05-11 08:15:00	38.84	38.95	38.8	38.8	7481
2023-05-11 08:30:00	38.81	38.89	38.72	38.82	8863
2023-05-11 08:45:00	38.77	38.84	38.66	38.66	5606
2023-05-11 09:00:00	38.76	38.76	38.57	38.57	11025
2023-05-11 09:15:00	38.57	38.63	38.5	38.5	53708
2023-05-11 09:30:00	38.64	38.99	38.48	38.985	1306783
2023-05-11 09:45:00	38.99	39.05	38.67	38.96	1492397
2023-05-11 10:00:00	38.965	39.18	38.88	38.91	955270
2023-05-11 10:15:00	38.91	38.985	38.73	38.97	1034354
2023-05-11 10:30:00	38.9619	38.9619	38.45	38.515	802752
2023-05-11 10:45:00	38.515	38.78	38.48	38.7	813759
2023-05-11 11:00:00	38.695	38.77	38.59	38.615	417713
2023-05-11 11:15:00	38.62	38.75	38.595	38.7123	492280
2023-05-11 11:30:00	38.72	38.81	38.7	38.7733	413685
2023-05-11 11:45:00	38.78	38.8	38.685	38.735	429978
2023-05-11 12:00:00	38.735	38.775	38.66	38.712	371872
2023-05-11 12:15:00	38.71	38.839	38.665	38.755	429727
2023-05-11 12:30:00	38.75	38.78	38.7	38.745	264823
2023-05-11 12:45:00	38.745	38.745	38.59	38.655	380136
2023-05-11 13:00:00	38.6597	38.68	38.59	38.6392	331297
2023-05-11 13:15:00	38.635	38.67	38.5609	38.645	302070
2023-05-11 13:30:00	38.64	38.67	38.55	38.605	404420
2023-05-11 13:45:00	38.603	38.675	38.54	38.67	340084
2023-05-11 14:00:00	38.67	38.69	38.605	38.64	278905
2023-05-11 14:15:00	38.64	38.64	38.55	38.59	296950
2023-05-11 14:30:00	38.59	38.66	38.56	38.6	324880
2023-05-11 14:45:00	38.5999	38.645	38.57	38.61	335551
2023-05-11 15:00:00	38.61	38.65	38.55	38.595	380490
2023-05-11 15:15:00	38.6	38.6	38.51	38.575	430466
2023-05-11 15:30:00	38.57	38.58	38.39	38.4245	569765
2023-05-11 15:45:00	38.42	38.46	38.34	38.41	1663572
2023-05-11 16:00:00	38.42	38.45	38.37	38.39	67007
2023-05-11 16:15:00	38.42	39.0	38.39	38.5735	14263
2023-05-11 16:30:00	38.39	38.39	38.39	38.39	300
2023-05-11 17:00:00	38.47	38.47	38.4	38.41	1248
2023-05-11 17:15:00	38.46	38.47	38.46	38.47	550
2023-05-11 17:30:00	38.4715	38.48	38.4715	38.48	380
2023-05-11 17:45:00	38.45	38.45	38.4	38.4	578
2023-05-11 18:00:00	38.4	38.4	38.4	38.4	200
2023-05-11 18:45:00	38.43	38.44	38.43	38.44	775
2023-05-11 19:00:00	38.43	38.43	38.42	38.42	375
2023-05-11 19:15:00	38.42	38.42	38.42	38.42	375
2023-05-11 19:30:00	38.42	38.4212	38.42	38.42	1115
2023-05-11 19:45:00	38.4201	38.4201	38.4201	38.4201	155
2023-05-12 06:00:00	38.21	38.21	38.2	38.2	977
2023-05-12 06:45:00	38.48	38.48	38.48	38.48	290
2023-05-12 07:00:00	38.5	38.7	38.5	38.7	8622
2023-05-12 07:15:00	38.6	38.65	38.55	38.55	9931
2023-05-12 07:30:00	38.55	38.61	38.55	38.61	875
2023-05-12 07:45:00	38.55	38.74	38.48	38.59	4067
2023-05-12 08:00:00	38.45	38.74	38.33	38.53	2444
2023-05-12 08:15:00	38.53	38.5726	38.51	38.5726	885
2023-05-12 08:30:00	38.52	38.52	38.45	38.45	3759
2023-05-12 08:45:00	38.5	38.5686	38.39	38.5686	3151
2023-05-12 09:00:00	38.45	38.56	38.42	38.56	31955
2023-05-12 09:15:00	38.36	38.69	38.36	38.69	6799
2023-05-12 09:30:00	38.64	39.23	38.44	39.165	1881422
2023-05-12 09:45:00	39.165	39.23	38.941	39.02	1193249
2023-05-12 10:00:00	39.01	39.05	38.48	38.51	1693536
2023-05-12 10:15:00	38.5	38.705	38.35	38.36	1177874
2023-05-12 10:30:00	38.35	38.5	38.21	38.3934	965005
2023-05-12 10:45:00	38.3999	38.675	38.37	38.66	984540
2023-05-12 11:00:00	38.655	38.995	38.645	38.802	1267608
2023-05-12 11:15:00	38.8	38.88	38.675	38.77	1059688
2023-05-12 11:30:00	38.765	38.808	38.5	38.5599	823902
2023-05-12 11:45:00	38.555	38.65	38.5	38.6	526459
2023-05-12 12:00:00	38.595	38.605	38.26	38.332	793377
2023-05-12 12:15:00	38.33	38.4	38.2	38.2909	485912
2023-05-12 12:30:00	38.3	38.44	38.275	38.43	568532
2023-05-12 12:45:00	38.415	38.415	38.295	38.385	371530
2023-05-12 13:00:00	38.38	38.39	38.22	38.2534	278740
2023-05-12 13:15:00	38.255	38.3979	38.2542	38.335	378473
2023-05-12 13:30:00	38.335	38.406	38.33	38.385	257307
2023-05-12 13:45:00	38.385	38.405	38.29	38.3338	250775
2023-05-12 14:00:00	38.33	38.385	38.295	38.32	237185
2023-05-12 14:15:00	38.315	38.44	38.3	38.4	313995
2023-05-12 14:30:00	38.39	38.425	38.275	38.32	267933
2023-05-12 14:45:00	38.325	38.365	38.28	38.355	369738
2023-05-12 15:00:00	38.36	38.37	38.24	38.285	477631
2023-05-12 15:15:00	38.285	38.31	38.22	38.24	474161
2023-05-12 15:30:00	38.24	38.365	38.235	38.335	594218
2023-05-12 15:45:00	38.34	38.6265	38.27	38.44	2077158
2023-05-12 16:00:00	38.45	38.47	38.32	38.32	67385
2023-05-12 16:15:00	38.32	38.3255	38.32	38.3255	1341
2023-05-12 16:30:00	38.38	38.7	38.38	38.43	5442
2023-05-12 16:45:00	38.43	38.6	38.43	38.55	59849
2023-05-12 17:00:00	38.47	38.5	38.3801	38.39	3106
2023-05-12 17:15:00	38.39	38.54	38.39	38.5	1728
2023-05-12 17:30:00	38.4988	38.5	38.41	38.45	2314
2023-05-12 18:00:00	38.42	38.43	38.42	38.43	1109
2023-05-12 18:15:00	38.3911	38.4	38.38	38.4	1434
2023-05-12 18:30:00	38.46	38.46	38.4499	38.4499	1050
2023-05-12 18:45:00	38.45	38.45	38.45	38.45	101
2023-05-12 19:00:00	38.4	38.53	38.38	38.53	6131
2023-05-12 19:15:00	38.38	38.38	38.38	38.38	200
2023-05-12 19:30:00	38.5	38.5	38.5	38.5	101
2023-05-12 19:45:00	38.36	38.36	38.36	38.36	266
2023-05-15 04:45:00	38.55	38.55	38.55	38.55	100
2023-05-15 05:00:00	38.55	38.55	38.55	38.55	270
2023-05-15 06:15:00	38.54	38.54	38.54	38.54	300
2023-05-15 07:00:00	38.59	38.59	38.48	38.48	1188
2023-05-15 07:15:00	38.5	38.5	38.44	38.44	1834
2023-05-15 07:30:00	38.5	38.5	38.5	38.5	934
2023-05-15 07:45:00	38.56	38.61	38.56	38.59	4090
2023-05-15 08:00:00	38.44	38.68	38.31	38.5	8709
2023-05-15 08:15:00	38.59	38.59	38.5	38.5	3320
2023-05-15 08:30:00	38.47	38.48	38.46	38.48	551
2023-05-15 08:45:00	38.47	38.47	38.47	38.47	1117
2023-05-15 09:00:00	38.52	38.52	38.48	38.4803	697
2023-05-15 09:15:00	38.49	38.49	38.27	38.302	7569
2023-05-15 09:30:00	38.34	38.48	38.16	38.34	1208128
2023-05-15 09:45:00	38.35	38.35	38.07	38.1139	826248
2023-05-15 10:00:00	38.115	38.3076	38.05	38.105	780896
2023-05-15 10:15:00	38.1	38.18	38.03	38.06	668706
2023-05-15 10:30:00	38.055	38.2493	37.99	38.21	801799
2023-05-15 10:45:00	38.22	38.34	38.16	38.2523	532705
2023-05-15 11:00:00	38.255	38.29	38.18	38.23	673548
2023-05-15 11:15:00	38.23	38.28	38.205	38.2302	567897
2023-05-15 11:30:00	38.235	38.24	38.12	38.1989	631027
2023-05-15 11:45:00	38.195	38.23	38.17	38.23	612434
2023-05-15 12:00:00	38.225	38.28	38.155	38.225	390673
2023-05-15 12:15:00	38.23	38.25	38.18	38.2299	282804
2023-05-15 12:30:00	38.225	38.28	38.2	38.275	250272
2023-05-15 12:45:00	38.275	38.285	38.23	38.27	500190
2023-05-15 13:00:00	38.265	38.305	38.24	38.296	444193
2023-05-15 13:15:00	38.295	38.36	38.28	38.325	364922
2023-05-15 13:30:00	38.325	38.39	38.26	38.385	397204
2023-05-15 13:45:00	38.38	38.45	38.37	38.405	479239
2023-05-15 14:00:00	38.405	38.45	38.365	38.375	346967
2023-05-15 14:15:00	38.375	38.3899	38.31	38.34	298535
2023-05-15 14:30:00	38.335	38.355	38.25	38.2721	264926
2023-05-15 14:45:00	38.275	38.37	38.2605	38.335	352493
2023-05-15 15:00:00	38.335	38.335	38.2	38.21	459395
2023-05-15 15:15:00	38.205	38.25	38.19	38.2	515133
2023-05-15 15:30:00	38.2	38.245	38.15	38.155	978284
2023-05-15 15:45:00	38.155	38.18	38.13	38.14	2085258
2023-05-15 16:00:00	38.14	38.17	38.14	38.14	1254569
2023-05-15 16:15:00	38.1301	38.14	38.13	38.13	11791
2023-05-15 16:30:00	38.15	38.28	38.14	38.17	13394
2023-05-15 16:45:00	38.17	38.22	38.17	38.22	3794
2023-05-15 17:00:00	38.17	38.18	38.14	38.18	1914
2023-05-15 17:15:00	38.15	38.2	38.15	38.16	3030
2023-05-15 17:30:00	38.14	38.15	38.13	38.13	3861
2023-05-15 17:45:00	38.13	38.2	38.13	38.13	2124
2023-05-15 18:30:00	38.14	38.19	38.14	38.15	446
2023-05-15 18:45:00	38.14	38.14	38.13	38.13	836
2023-05-15 19:00:00	38.16	38.16	38.16	38.16	203
2023-05-15 19:15:00	38.13	38.19	38.13	38.19	1300
2023-05-15 19:30:00	38.16	38.16	38.13	38.13	578
2023-05-15 19:45:00	38.18	38.18	38.12	38.13	2356
2023-05-16 04:00:00	37.98	38.06	37.28	37.39	5534
2023-05-16 04:30:00	37.79	37.81	37.64	37.64	867
2023-05-16 04:45:00	37.71	37.84	37.64	37.8	2570
2023-05-16 05:00:00	37.81	37.81	37.8	37.8	330
2023-05-16 05:45:00	37.8	37.8	37.8	37.8	107
2023-05-16 06:30:00	37.8	37.8	37.8	37.8	763
2023-05-16 06:45:00	37.88	37.88	37.88	37.88	1000
2023-05-16 07:00:00	37.89	37.89	37.88	37.89	2395
2023-05-16 07:15:00	37.89	37.89	37.89	37.89	4702
2023-05-16 07:30:00	37.89	37.93	37.89	37.93	3007
2023-05-16 08:00:00	37.8894	38.03	37.84	37.97	20856
2023-05-16 08:15:00	37.96	37.97	37.96	37.97	4740
2023-05-16 08:30:00	37.91	37.92	37.8419	37.8419	17093
2023-05-16 08:45:00	37.84	37.84	37.8	37.8	3314
2023-05-16 09:00:00	37.81	37.88	37.7166	37.88	3962
2023-05-16 09:15:00	37.82	37.99	37.82	37.99	2646
2023-05-16 09:30:00	37.93	38.045	37.75	37.95	839162
2023-05-16 09:45:00	37.96	38.025	37.8	37.99	543505
2023-05-16 10:00:00	37.995	38.0	37.89	37.95	476084
2023-05-16 10:15:00	37.945	38.01	37.94	37.98	686428
2023-05-16 10:30:00	37.99	38.01	37.92	37.955	449767
2023-05-16 10:45:00	37.95	38.02	37.94	37.9899	589294
2023-05-16 11:00:00	37.99	38.15	37.965	37.995	1649134
2023-05-16 11:15:00	38.0	38.025	37.9	37.905	521832
2023-05-16 11:30:00	37.905	37.95	37.8439	37.895	493609
2023-05-16 11:45:00	37.895	37.95	37.85	37.93	595930
2023-05-16 12:00:00	37.92	37.9275	37.855	37.885	405309
2023-05-16 12:15:00	37.89	37.905	37.78	37.801	494056
2023-05-16 12:30:00	37.805	37.82	37.7	37.73	505762
2023-05-16 12:45:00	37.7222	37.82	37.63	37.815	601667
2023-05-16 13:00:00	37.82	37.87	37.71	37.715	525080
2023-05-16 13:15:00	37.71	37.71	37.64	37.675	494234
2023-05-16 13:30:00	37.675	37.73	37.65	37.685	447895
2023-05-16 13:45:00	37.685	37.69	37.585	37.63	529910
2023-05-16 14:00:00	37.63	37.64	37.53	37.6	790516
2023-05-16 14:15:00	37.59	37.64	37.545	37.575	800570
2023-05-16 14:30:00	37.58	37.585	37.495	37.565	597555
2023-05-16 14:45:00	37.5631	37.625	37.555	37.595	567915
2023-05-16 15:00:00	37.59	37.61	37.51	37.51	588322
2023-05-16 15:15:00	37.515	37.55	37.49	37.495	951978
2023-05-16 15:30:00	37.495	37.5399	37.46	37.495	985287
2023-05-16 15:45:00	37.49	37.51	37.44	37.445	2608784
2023-05-16 16:00:00	37.44	37.58	37.44	37.45	467549
2023-05-16 16:15:00	37.45	37.46	37.45	37.46	1835
2023-05-16 16:30:00	37.45	37.54	37.45	37.54	2430
2023-05-16 16:45:00	37.51	37.51	37.5	37.5	575
2023-05-16 17:00:00	37.51	37.51	37.5	37.5	1434
2023-05-16 17:15:00	37.5	37.5749	37.48	37.5749	1561
2023-05-16 17:30:00	37.5	37.5	37.5	37.5	1265
2023-05-16 17:45:00	37.48	37.48	37.48	37.48	383
2023-05-16 18:00:00	37.48	37.48	37.48	37.48	731
2023-05-16 18:15:00	37.56	37.56	37.48	37.48	2135
2023-05-16 18:30:00	37.47	37.47	37.47	37.47	1093
2023-05-16 18:45:00	37.47	37.47	37.45	37.45	2311
2023-05-16 19:00:00	37.45	37.46	37.45	37.46	1001
2023-05-16 19:45:00	37.56	37.56	37.46	37.46	542
2023-05-17 05:00:00	37.5	37.5	37.5	37.5	399
2023-05-17 05:15:00	37.5	37.5	37.5	37.5	100
2023-05-17 08:00:00	37.5	37.64	37.5	37.61	909
2023-05-17 08:15:00	37.59	37.59	37.49	37.49	1861
2023-05-17 08:30:00	37.51	37.55	37.51	37.55	587
2023-05-17 08:45:00	37.55	37.59	37.55	37.58	2239
2023-05-17 09:00:00	37.57	37.7	37.57	37.7	21917
2023-05-17 09:15:00	37.696	37.73	37.63	37.73	5583
2023-05-17 09:30:00	37.73	37.955	37.59	37.77	1129229
2023-05-17 09:45:00	37.78	37.795	37.455	37.4799	697805
2023-05-17 10:00:00	37.48	37.6	37.43	37.5416	481227
2023-05-17 10:15:00	37.54	37.55	37.435	37.465	491781
2023-05-17 10:30:00	37.47	37.59	37.36	37.4769	1179169
2023-05-17 10:45:00	37.475	37.7	37.475	37.67	850051
2023-05-17 11:00:00	37.665	37.755	37.6	37.65	567475
2023-05-17 11:15:00	37.65	37.83	37.64	37.8197	707777
2023-05-17 11:30:00	37.815	37.83	37.685	37.725	507600
2023-05-17 11:45:00	37.725	37.73	37.6	37.6	545845
2023-05-17 12:00:00	37.605	37.76	37.59	37.745	795972
2023-05-17 12:15:00	37.75	37.755	37.575	37.645	466500
2023-05-17 12:30:00	37.645	37.65	37.5107	37.55	790212
2023-05-17 12:45:00	37.55	37.64	37.52	37.5395	747651
2023-05-17 13:00:00	37.535	37.6	37.5	37.525	1006181
2023-05-17 13:15:00	37.52	37.695	37.47	37.66	901652
2023-05-17 13:30:00	37.66	37.6999	37.6101	37.68	539678
2023-05-17 13:45:00	37.68	37.827	37.66	37.785	641827
2023-05-17 14:00:00	37.785	37.7882	37.675	37.71	387621
2023-05-17 14:15:00	37.71	37.785	37.63	37.785	452912
2023-05-17 14:30:00	37.78	37.8399	37.72	37.7379	380327
2023-05-17 14:45:00	37.73	37.81	37.715	37.8	459004
2023-05-17 15:00:00	37.805	37.94	37.775	37.905	697848
2023-05-17 15:15:00	37.905	37.93	37.795	37.8	615229
2023-05-17 15:30:00	37.7983	37.86	37.77	37.795	761175
2023-05-17 15:45:00	37.79	37.885	37.785	37.85	1579744
2023-05-17 16:00:00	37.84	37.84	37.74	37.74	78978
2023-05-17 16:15:00	37.7501	37.81	37.7501	37.8	1841
2023-05-17 16:30:00	37.82	37.82	37.82	37.82	700
2023-05-17 16:45:00	37.77	37.81	37.77	37.77	771
2023-05-17 17:15:00	37.8	37.81	37.77	37.81	3961
2023-05-17 17:30:00	37.75	37.81	37.75	37.81	1018
2023-05-17 17:45:00	37.76	37.83	37.76	37.83	1247
2023-05-17 18:00:00	37.82	37.82	37.8	37.8	1044
2023-05-17 18:15:00	37.8001	37.82	37.8001	37.82	350
2023-05-17 18:30:00	37.83	37.83	37.83	37.83	1236
2023-05-17 19:00:00	37.83	37.85	37.83	37.85	2201
2023-05-17 19:15:00	37.85	37.85	37.85	37.85	7030
2023-05-17 19:30:00	37.81	37.81	37.81	37.81	562
2023-05-17 19:45:00	37.85	37.85	37.77	37.77	1111
2023-05-18 04:00:00	38.0	38.0	38.0	38.0	500
2023-05-18 05:00:00	38.01	38.01	38.0	38.0	200
2023-05-18 05:15:00	38.01	38.05	38.0	38.0	2838
2023-05-18 06:00:00	37.9	37.9	37.9	37.9	150
2023-05-18 07:00:00	37.91	38.0	37.9	38.0	1160
2023-05-18 07:15:00	37.9	38.0	37.9	38.0	6402
2023-05-18 07:30:00	38.04	38.04	38.04	38.04	500
2023-05-18 07:45:00	38.05	38.05	38.05	38.05	1142
2023-05-18 08:00:00	37.94	38.09	37.65	38.039	31242
2023-05-18 08:15:00	38.0	38.0	37.95	37.95	6380
2023-05-18 08:30:00	38.02	38.04	38.0	38.0	1953
2023-05-18 08:45:00	37.98	38.0	37.85	37.85	5322
2023-05-18 09:00:00	37.85	37.85	37.8	37.8	18980
2023-05-18 09:15:00	37.87	37.98	37.8039	37.9	8497
2023-05-18 09:30:00	37.98	38.59	37.76	38.53	1562400
2023-05-18 09:45:00	38.54	38.9	38.39	38.865	1285082
2023-05-18 10:00:00	38.87	38.99	38.6	38.935	1102545
2023-05-18 10:15:00	38.93	39.215	38.88	39.08	1498130
2023-05-18 10:30:00	39.08	39.29	39.08	39.205	1384072
2023-05-18 10:45:00	39.2043	39.29	39.03	39.115	880614
2023-05-18 11:00:00	39.115	39.25	39.065	39.205	685228
2023-05-18 11:15:00	39.205	39.27	39.0	39.085	796144
2023-05-18 11:30:00	39.085	39.175	39.02	39.115	619150
2023-05-18 11:45:00	39.115	39.16	39.02	39.025	591017
2023-05-18 12:00:00	39.0247	39.185	38.94	39.01	919700
2023-05-18 12:15:00	39.01	39.08	38.81	38.86	776874
2023-05-18 12:30:00	38.85	39.13	38.83	39.12	508886
2023-05-18 12:45:00	39.1239	39.1299	38.9	38.995	407542
2023-05-18 13:00:00	39.0	39.1	38.94	38.9423	323872
2023-05-18 13:15:00	38.94	39.05	38.92	38.92	448641
2023-05-18 13:30:00	38.92	38.98	38.9	38.925	451068
2023-05-18 13:45:00	38.92	39.0	38.79	38.8773	577151
2023-05-18 14:00:00	38.8785	38.915	38.855	38.89	393310
2023-05-18 14:15:00	38.885	39.11	38.885	39.085	711379
2023-05-18 14:30:00	39.085	39.24	39.085	39.2	578041
2023-05-18 14:45:00	39.1979	39.28	39.17	39.275	622821
2023-05-18 15:00:00	39.275	39.4	39.27	39.3882	945532
2023-05-18 15:15:00	39.39	39.42	39.27	39.325	671325
2023-05-18 15:30:00	39.325	39.43	39.27	39.425	875765
2023-05-18 15:45:00	39.425	39.49	39.25	39.25	3542697
2023-05-18 16:00:00	39.25	39.39	39.22	39.24	792270
2023-05-18 16:15:00	39.23	39.31	39.23	39.27	4687
2023-05-18 16:30:00	39.3	39.38	39.28	39.36	6501
2023-05-18 16:45:00	39.36	39.4	39.25	39.4	5003
2023-05-18 17:00:00	39.4	39.43	39.36	39.39	6641
2023-05-18 17:15:00	39.4	39.4	39.38	39.38	1288
2023-05-18 17:30:00	39.37	39.37	39.36	39.36	2545
2023-05-18 17:45:00	39.353	39.4	39.35	39.35	709
2023-05-18 18:00:00	39.35	39.35	39.27	39.27	780
2023-05-18 18:15:00	39.35	39.35	39.3	39.3	2008
2023-05-18 18:45:00	39.3	39.3	39.3	39.3	465
2023-05-18 19:00:00	39.39	39.39	39.39	39.39	305
2023-05-18 19:15:00	39.4	39.4	39.35	39.35	519
2023-05-18 19:30:00	39.39	39.4	39.3	39.3	2648
2023-05-18 19:45:00	39.39	39.39	39.29	39.29	515
2023-05-19 04:00:00	39.4	39.4	39.4	39.4	100
2023-05-19 04:15:00	39.38	39.38	39.38	39.38	100
2023-05-19 05:45:00	39.38	39.38	39.38	39.38	105
2023-05-19 06:45:00	39.33	39.4	39.3	39.3	1332
2023-05-19 07:00:00	39.38	39.38	39.38	39.38	124
2023-05-19 07:30:00	39.35	39.45	39.35	39.35	2411
2023-05-19 07:45:00	39.3	39.31	39.3	39.31	1100
2023-05-19 08:00:00	39.28	39.51	39.28	39.29	19246
2023-05-19 08:15:00	39.28	39.38	39.27	39.38	10023
2023-05-19 08:30:00	39.3715	39.38	39.27	39.3	5557
2023-05-19 08:45:00	39.28	39.3	39.2	39.3	6230
2023-05-19 09:00:00	39.3	39.3	39.2	39.3	11177
2023-05-19 09:15:00	39.2845	39.38	39.2001	39.31	8148
2023-05-19 09:30:00	39.25	39.36	39.035	39.265	1490505
2023-05-19 09:45:00	39.265	39.355	39.225	39.27	1215429
2023-05-19 10:00:00	39.265	39.45	39.21	39.415	974726
2023-05-19 10:15:00	39.415	39.49	39.38	39.395	769632
2023-05-19 10:30:00	39.4	39.48	39.38	39.425	1056954
2023-05-19 10:45:00	39.425	39.425	39.21	39.265	765058
2023-05-19 11:00:00	39.26	39.35	39.225	39.27	402919
2023-05-19 11:15:00	39.26	39.335	39.21	39.215	530886
2023-05-19 11:30:00	39.21	39.235	39.07	39.145	672532
2023-05-19 11:45:00	39.13	39.28	39.12	39.215	483499
2023-05-19 12:00:00	39.215	39.255	39.135	39.195	404999
2023-05-19 12:15:00	39.19	39.3	39.1673	39.245	487735
2023-05-19 12:30:00	39.24	39.245	39.045	39.184	616490
2023-05-19 12:45:00	39.185	39.215	39.09	39.155	377491
2023-05-19 13:00:00	39.16	39.1999	39.105	39.1287	303740
2023-05-19 13:15:00	39.125	39.16	39.095	39.135	230227
2023-05-19 13:30:00	39.135	39.14	38.955	38.98	358136
2023-05-19 13:45:00	38.98	39.04	38.965	38.99	441226
2023-05-19 14:00:00	38.985	39.01	38.915	38.9614	288678
2023-05-19 14:15:00	38.961	39.03	38.93	39.015	522749
2023-05-19 14:30:00	39.0103	39.07	38.98	39.005	516597
2023-05-19 14:45:00	39.01	39.18	39.01	39.1005	496541
2023-05-19 15:00:00	39.11	39.265	39.08	39.201	725986
2023-05-19 15:15:00	39.2	39.228	39.15	39.165	577211
2023-05-19 15:30:00	39.165	39.2	39.095	39.125	569050
2023-05-19 15:45:00	39.125	39.22	39.07	39.18	1905565
2023-05-19 16:00:00	39.18	39.18	39.13	39.18	119329
2023-05-19 16:15:00	39.1	39.1	39.1	39.1	2101
2023-05-19 16:30:00	39.14	39.18	39.0601	39.18	1338
2023-05-19 16:45:00	39.15	39.15	39.079	39.079	1712
2023-05-19 17:00:00	39.13	39.17	39.13	39.17	2026
2023-05-19 17:30:00	39.08	39.18	39.08	39.18	206
2023-05-19 17:45:00	39.17	39.3	39.17	39.2	11228
2023-05-19 18:00:00	39.22	39.27	39.18	39.18	9382
2023-05-19 18:15:00	39.2498	39.2498	39.2498	39.2498	1000
2023-05-19 18:30:00	39.18	39.18	39.18	39.18	305
2023-05-19 18:45:00	39.247	39.26	39.15	39.2404	2012
2023-05-19 19:00:00	39.15	39.15	39.14	39.14	1120
2023-05-19 19:15:00	39.17	39.17	39.17	39.17	210
2023-05-19 19:30:00	39.16	39.32	39.16	39.32	1228
2023-05-19 19:45:00	39.18	39.3	39.18	39.3	605
2023-05-22 06:00:00	39.02	39.05	38.95	39.0	5473
2023-05-22 06:15:00	39.0	39.0	39.0	39.0	594
2023-05-22 07:00:00	39.14	39.14	39.05	39.05	1095
2023-05-22 07:15:00	39.02	39.02	39.0	39.0	1005
2023-05-22 07:30:00	39.05	39.05	39.05	39.05	571
2023-05-22 08:00:00	39.0133	39.12	38.7036	38.88	18220
2023-05-22 08:15:00	38.89	38.91	38.8033	38.9	3845
2023-05-22 08:30:00	38.9	38.91	38.9	38.91	461
2023-05-22 08:45:00	38.89	38.91	38.8001	38.9	3113
2023-05-22 09:00:00	38.9	38.95	38.9	38.9	15675
2023-05-22 09:15:00	38.95	39.0	38.9	39.0	20046
2023-05-22 09:30:00	39.13	39.46	39.076	39.38	1670061
2023-05-22 09:45:00	39.38	39.945	39.285	39.835	1987738
2023-05-22 10:00:00	39.835	39.92	39.56	39.71	1172104
2023-05-22 10:15:00	39.71	40.2	39.68	40.175	3083879
2023-05-22 10:30:00	40.175	40.385	40.05	40.14	1590222
2023-05-22 10:45:00	40.13	40.29	40.01	40.26	969784
2023-05-22 11:00:00	40.27	40.5	39.9	39.935	1403538
2023-05-22 11:15:00	39.93	39.98	39.87	39.875	740411
2023-05-22 11:30:00	39.875	40.02	39.82	39.835	1841263
2023-05-22 11:45:00	39.835	39.99	39.77	39.905	538789
2023-05-22 12:00:00	39.91	39.93	39.815	39.845	459657
2023-05-22 12:15:00	39.84	39.85	39.705	39.72	428351
2023-05-22 12:30:00	39.72	39.79	39.69	39.755	332813
2023-05-22 12:45:00	39.755	39.76	39.68	39.7229	329315
2023-05-22 13:00:00	39.72	39.795	39.44	39.535	853812
2023-05-22 13:15:00	39.53	39.695	39.49	39.575	691812
2023-05-22 13:30:00	39.575	39.7	39.5646	39.67	343737
2023-05-22 13:45:00	39.67	39.7	39.61	39.63	294573
2023-05-22 14:00:00	39.62	39.63	39.51	39.515	345607
2023-05-22 14:15:00	39.52	39.575	39.51	39.56	401960
2023-05-22 14:30:00	39.57	39.575	39.49	39.51	414729
2023-05-22 14:45:00	39.5	39.51	39.345	39.375	804034
2023-05-22 15:00:00	39.375	39.43	39.35	39.385	804901
2023-05-22 15:15:00	39.39	39.42	39.2307	39.2799	627092
2023-05-22 15:30:00	39.275	39.29	39.1924	39.28	696370
2023-05-22 15:45:00	39.275	39.2878	39.14	39.17	1888820
2023-05-22 16:00:00	39.17	39.2134	39.15	39.17	679220
2023-05-22 16:15:00	39.19	39.2	39.17	39.17	3089
2023-05-22 16:30:00	39.17	39.17	39.0	39.01	14255
2023-05-22 16:45:00	39.01	39.17	39.01	39.15	3618
2023-05-22 17:00:00	39.16	39.16	39.06	39.06	11407
2023-05-22 17:15:00	39.06	39.09	39.02	39.03	6889
2023-05-22 17:30:00	39.07	39.07	38.94	38.97	13131
2023-05-22 17:45:00	38.98	39.03	38.98	38.99	1598
2023-05-22 18:00:00	39.03	39.05	39.03	39.05	352
2023-05-22 18:15:00	39.06	39.1	39.05	39.06	938
2023-05-22 18:30:00	39.1	39.1	39.07	39.07	2018
2023-05-22 18:45:00	39.09	39.09	39.06	39.09	1138
2023-05-22 19:00:00	39.06	39.1	39.06	39.1	800
2023-05-22 19:15:00	39.1	39.13	39.1	39.13	2606
2023-05-22 19:30:00	39.15	39.25	39.15	39.18	7900
2023-05-22 19:45:00	39.18	39.2	39.17	39.2	1383
2023-05-23 04:00:00	39.17	39.26	39.17	39.26	327
2023-05-23 04:15:00	39.17	39.17	39.13	39.13	1037
2023-05-23 04:30:00	39.11	39.15	39.11	39.15	1628
2023-05-23 05:00:00	39.1	39.1	39.1	39.1	200
2023-05-23 05:15:00	39.1	39.1	39.1	39.1	402
2023-05-23 05:30:00	39.1	39.1	38.95	38.95	1064
2023-05-23 07:15:00	39.02	39.02	39.0	39.0	2130
2023-05-23 07:30:00	39.02	39.02	39.02	39.02	108
2023-05-23 07:45:00	39.0	39.0	38.97	38.99	400
2023-05-23 08:00:00	39.0001	39.64	38.86	39.45	72236
2023-05-23 08:15:00	39.51	39.54	39.4	39.54	16074
2023-05-23 08:30:00	39.54	39.98	39.51	39.87	39983
2023-05-23 08:45:00	39.81	39.93	39.6	39.6	87051
2023-05-23 09:00:00	39.6	39.67	39.32	39.52	21572
2023-05-23 09:15:00	39.17	39.56	39.01	39.01	69936
2023-05-23 09:30:00	38.99	39.325	38.82	39.195	2144361
2023-05-23 09:45:00	39.175	39.435	39.16	39.335	1061226
2023-05-23 10:00:00	39.335	39.5	39.3	39.49	737469
2023-05-23 10:15:00	39.49	39.555	39.36	39.4701	727313
2023-05-23 10:30:00	39.475	39.65	39.47	39.635	506645
2023-05-23 10:45:00	39.6381	39.64	39.405	39.4599	463672
2023-05-23 11:00:00	39.455	39.59	39.42	39.445	564250
2023-05-23 11:15:00	39.445	39.5	39.37	39.435	458493
2023-05-23 11:30:00	39.435	39.6	39.42	39.595	378299
2023-05-23 11:45:00	39.6	39.62	39.48	39.535	326099
2023-05-23 12:00:00	39.535	39.6099	39.35	39.39	411125
2023-05-23 12:15:00	39.39	39.39	39.26	39.285	368708
2023-05-23 12:30:00	39.2899	39.31	38.96	38.96	659130
2023-05-23 12:45:00	38.95	39.035	38.8337	38.845	704369
2023-05-23 13:00:00	38.85	39.04	38.83	38.97	396912
2023-05-23 13:15:00	38.97	39.03	38.69	38.72	471506
2023-05-23 13:30:00	38.72	38.76	38.64	38.73	680125
2023-05-23 13:45:00	38.735	38.775	38.575	38.605	552718
2023-05-23 14:00:00	38.605	38.67	38.51	38.53	525586
2023-05-23 14:15:00	38.53	38.63	38.51	38.555	452493
2023-05-23 14:30:00	38.55	38.7	38.55	38.7	374158
2023-05-23 14:45:00	38.69	38.74	38.64	38.735	407977
2023-05-23 15:00:00	38.74	38.8075	38.68	38.73	422616
2023-05-23 15:15:00	38.7278	38.73	38.59	38.63	441075
2023-05-23 15:30:00	38.63	38.7	38.6	38.665	674221
2023-05-23 15:45:00	38.66	38.7	38.59	38.66	1874577
2023-05-23 16:00:00	38.66	38.7677	38.64	38.68	258576
2023-05-23 16:15:00	38.69	38.69	38.64	38.64	444
2023-05-23 16:30:00	38.64	38.66	38.59	38.64	888
2023-05-23 16:45:00	38.69	38.69	38.64	38.64	1779
2023-05-23 17:00:00	38.68	38.68	38.68	38.68	501
2023-05-23 17:15:00	38.68	38.7	38.68	38.7	3263
2023-05-23 17:30:00	38.65	38.7	38.64	38.7	3159
2023-05-23 17:45:00	38.7	38.7	38.64	38.64	3636
2023-05-23 18:00:00	38.6985	38.6985	38.66	38.66	550
2023-05-23 18:30:00	38.66	38.66	38.66	38.66	100
2023-05-23 18:45:00	38.66	38.66	38.66	38.66	280
2023-05-23 19:00:00	38.68	38.68	38.66	38.66	1309
2023-05-23 19:15:00	38.66	38.68	38.66	38.68	210
2023-05-23 19:45:00	38.69	38.7	38.69	38.7	3451
2023-05-24 04:15:00	38.58	38.58	38.56	38.56	252
2023-05-24 04:45:00	38.59	38.59	38.59	38.59	300
2023-05-24 05:00:00	38.7	38.7	38.7	38.7	127
2023-05-24 05:45:00	38.56	38.56	38.53	38.53	959
2023-05-24 06:15:00	38.39	38.4	38.34	38.34	1092
2023-05-24 06:45:00	38.38	38.38	38.38	38.38	1002
2023-05-24 07:00:00	38.49	38.49	38.33	38.34	4462
2023-05-24 07:15:00	38.43	38.43	38.43	38.43	599
2023-05-24 07:30:00	38.4	38.4	38.35	38.37	5590
2023-05-24 07:45:00	38.39	38.39	38.34	38.34	1856
2023-05-24 08:00:00	38.4208	38.58	38.32	38.4	12351
2023-05-24 08:15:00	38.28	38.28	38.28	38.28	346
2023-05-24 08:30:00	38.34	38.4	38.29	38.4	2495
2023-05-24 08:45:00	38.3507	38.4	38.28	38.28	8210
2023-05-24 09:00:00	38.4	38.4	38.21	38.21	9173
2023-05-24 09:15:00	38.184	38.28	38.03	38.03	17329
2023-05-24 09:30:00	38.05	38.66	37.855	38.43	1508497
2023-05-24 09:45:00	38.43	38.43	38.08	38.245	963320
2023-05-24 10:00:00	38.24	38.3	38.02	38.2818	600869
2023-05-24 10:15:00	38.288	38.47	38.05	38.26	1163972
2023-05-24 10:30:00	38.26	38.36	38.155	38.175	901651
2023-05-24 10:45:00	38.17	38.175	37.99	38.0	651991
2023-05-24 11:00:00	38.0	38.05	37.85	37.965	634117
2023-05-24 11:15:00	37.965	38.125	37.93	37.94	565031
2023-05-24 11:30:00	37.95	38.1	37.855	38.01	684421
2023-05-24 11:45:00	38.01	38.16	37.98	38.145	914547
2023-05-24 12:00:00	38.145	38.2	38.035	38.085	388158
2023-05-24 12:15:00	38.08	38.08	37.82	37.875	403936
2023-05-24 12:30:00	37.875	37.9169	37.77	37.7701	426892
2023-05-24 12:45:00	37.775	37.91	37.7715	37.9	911444
2023-05-24 13:00:00	37.8999	37.94	37.84	37.845	539871
2023-05-24 13:15:00	37.84	38.1	37.84	38.0982	474618
2023-05-24 13:30:00	38.09	38.25	38.08	38.23	494128
2023-05-24 13:45:00	38.235	38.27	38.13	38.145	339317
2023-05-24 14:00:00	38.15	38.2	38.0	38.035	583608
2023-05-24 14:15:00	38.0399	38.05	37.93	37.98	861472
2023-05-24 14:30:00	37.9764	38.0	37.915	37.935	446929
2023-05-24 14:45:00	37.935	37.97	37.84	37.85	482495
2023-05-24 15:00:00	37.85	37.895	37.82	37.86	694424
2023-05-24 15:15:00	37.855	38.01	37.81	37.925	791163
2023-05-24 15:30:00	37.92	38.02	37.85	37.855	1099512
2023-05-24 15:45:00	37.85	37.97	37.82	37.97	2086476
2023-05-24 16:00:00	37.96	38.0	37.92	38.0	47260
2023-05-24 16:15:00	38.0	38.2	38.0	38.19	6665
2023-05-24 16:30:00	38.09	38.3	38.09	38.15	16680
2023-05-24 16:45:00	38.2	38.2	38.041	38.14	28407
2023-05-24 17:00:00	38.19	38.26	38.142	38.22	15205
2023-05-24 17:15:00	38.2117	38.48	38.2025	38.45	22656
2023-05-24 17:30:00	38.45	38.45	38.3	38.43	2328
2023-05-24 17:45:00	38.41	38.43	38.3605	38.3801	10564
2023-05-24 18:00:00	38.38	38.48	38.38	38.38	7603
2023-05-24 18:15:00	38.41	38.41	38.25	38.25	2167
2023-05-24 18:30:00	38.3	38.35	38.18	38.35	2841
2023-05-24 18:45:00	38.18	38.26	38.18	38.18	1801
2023-05-24 19:15:00	38.2	38.2999	38.2	38.2999	981
2023-05-24 19:30:00	38.24	38.25	38.19	38.25	760
2023-05-24 19:45:00	38.25	38.25	38.25	38.25	477
2023-05-25 04:00:00	38.11	38.18	38.11	38.18	644
2023-05-25 04:15:00	38.15	38.15	38.15	38.15	150
2023-05-25 05:15:00	38.28	38.69	38.28	38.51	10847
2023-05-25 05:30:00	38.51	38.51	38.51	38.51	500
2023-05-25 05:45:00	38.74	38.74	38.74	38.74	400
2023-05-25 06:00:00	38.71	38.71	38.53	38.53	1934
2023-05-25 06:30:00	38.8	38.8	38.8	38.8	287
2023-05-25 06:45:00	38.57	38.58	38.57	38.58	693
2023-05-25 07:00:00	38.39	38.48	38.36	38.48	2377
2023-05-25 07:15:00	38.42	38.47	38.42	38.47	5186
2023-05-25 07:30:00	38.43	38.5	38.43	38.47	3697
2023-05-25 07:45:00	38.48	38.49	38.48	38.49	349
2023-05-25 08:00:00	38.41	38.58	37.63	38.3304	12940
2023-05-25 08:15:00	38.45	38.49	38.33	38.48	9701
2023-05-25 08:30:00	38.5	38.56	38.37	38.5	33310
2023-05-25 08:45:00	38.5	38.54	38.4	38.4	5786
2023-05-25 09:00:00	38.4	38.58	38.4	38.55	11082
2023-05-25 09:15:00	38.5	38.64	38.41	38.41	21870
2023-05-25 09:30:00	38.48	38.585	38.205	38.2676	1033590
2023-05-25 09:45:00	38.26	38.35	38.025	38.08	624615
2023-05-25 10:00:00	38.08	38.14	37.89	37.95	577070
2023-05-25 10:15:00	37.95	38.03	37.79	38.01	619920
2023-05-25 10:30:00	38.01	38.04	37.86	38.005	435474
2023-05-25 10:45:00	38.005	38.1	37.85	37.95	454180
2023-05-25 11:00:00	37.945	38.0	37.84	37.95	312290
2023-05-25 11:15:00	37.96	38.0	37.78	37.8	379160
2023-05-25 11:30:00	37.8	37.82	37.61	37.62	424987
2023-05-25 11:45:00	37.615	37.81	37.6	37.8095	518399
2023-05-25 12:00:00	37.81	37.82	37.645	37.675	436966
2023-05-25 12:15:00	37.68	37.7	37.625	37.651	392641
2023-05-25 12:30:00	37.6595	37.76	37.6	37.695	372432
2023-05-25 12:45:00	37.69	37.7	37.53	37.535	415150
2023-05-25 13:00:00	37.5301	37.6759	37.525	37.6399	375564
2023-05-25 13:15:00	37.64	37.68	37.6107	37.6687	238889
2023-05-25 13:30:00	37.67	37.7565	37.67	37.7501	285935
2023-05-25 13:45:00	37.7598	37.85	37.735	37.84	275104
2023-05-25 14:00:00	37.84	37.99	37.84	37.95	420843
2023-05-25 14:15:00	37.95	38.11	37.9401	38.05	448452
2023-05-25 14:30:00	38.05	38.05	37.85	37.919	348539
2023-05-25 14:45:00	37.91	37.99	37.85	37.905	342980
2023-05-25 15:00:00	37.9	38.05	37.89	38.0326	329464
2023-05-25 15:15:00	38.04	38.08	37.985	38.0595	336173
2023-05-25 15:30:00	38.06	38.1	37.98	38.02	480542
2023-05-25 15:45:00	38.015	38.06	37.935	37.94	1072451
2023-05-25 16:00:00	37.95	37.98	37.95	37.95	62597
2023-05-25 16:15:00	37.9045	37.93	37.9	37.91	4215
2023-05-25 16:30:00	37.9684	37.98	37.95	37.9716	5745
2023-05-25 17:00:00	37.9	37.9	37.9	37.9	100
2023-05-25 17:30:00	37.92	37.96	37.92	37.95	1432
2023-05-25 17:45:00	37.97	37.97	37.9	37.9	729
2023-05-25 18:00:00	37.9	37.97	37.9	37.97	650
2023-05-25 18:15:00	37.97	37.97	37.92	37.92	501
2023-05-25 18:30:00	37.91	37.91	37.91	37.91	206
2023-05-25 18:45:00	37.97	37.97	37.97	37.97	109
2023-05-25 19:00:00	37.93	37.93	37.91	37.93	1322
2023-05-25 19:45:00	37.95	37.95	37.95	37.95	300
2023-05-26 04:00:00	39.3	39.3	39.3	39.3	464
2023-05-26 04:30:00	37.94	37.94	37.94	37.94	480
2023-05-26 05:00:00	38.0	38.01	37.95	37.95	663
2023-05-26 05:15:00	37.95	37.95	37.95	37.95	637
2023-05-26 06:15:00	38.0	38.12	38.0	38.12	350
2023-05-26 07:00:00	38.0	38.15	38.0	38.15	930
2023-05-26 07:30:00	38.2	38.22	38.2	38.22	2331
2023-05-26 07:45:00	38.22	38.22	38.22	38.22	100
2023-05-26 08:00:00	38.242	38.25	37.856	38.23	8179
2023-05-26 08:15:00	38.2299	38.2299	38.18	38.2	1765
2023-05-26 08:30:00	38.23	38.23	38.0	38.13	9363
2023-05-26 08:45:00	38.05	38.05	37.95	37.95	4320
2023-05-26 09:00:00	38.04	38.21	38.032	38.18	4612
2023-05-26 09:15:00	38.22	38.4	38.18	38.39	21629
2023-05-26 09:30:00	38.24	38.6	38.24	38.43	913361
2023-05-26 09:45:00	38.44	38.53	38.32	38.435	519572
2023-05-26 10:00:00	38.44	38.57	38.43	38.54	605679
2023-05-26 10:15:00	38.545	38.6899	38.54	38.67	621576
2023-05-26 10:30:00	38.67	38.735	38.56	38.7299	462683
2023-05-26 10:45:00	38.74	38.76	38.635	38.67	389061
2023-05-26 11:00:00	38.665	38.72	38.55	38.62	431749
2023-05-26 11:15:00	38.625	38.675	38.52	38.56	669299
2023-05-26 11:30:00	38.565	38.585	38.405	38.55	567388
2023-05-26 11:45:00	38.56	38.56	38.34	38.345	598029
2023-05-26 12:00:00	38.35	38.56	38.29	38.43	567753
2023-05-26 12:15:00	38.43	38.48	38.29	38.365	436200
2023-05-26 12:30:00	38.365	38.425	38.34	38.4	378180
2023-05-26 12:45:00	38.405	38.46	38.32	38.408	349165
2023-05-26 13:00:00	38.405	38.47	38.395	38.445	233224
2023-05-26 13:15:00	38.4401	38.46	38.31	38.345	254763
2023-05-26 13:30:00	38.345	38.41	38.285	38.285	280096
2023-05-26 13:45:00	38.28	38.35	38.28	38.31	305086
2023-05-26 14:00:00	38.315	38.53	38.22	38.5181	672029
2023-05-26 14:15:00	38.52	38.69	38.5	38.625	516114
2023-05-26 14:30:00	38.625	38.69	38.59	38.598	459887
2023-05-26 14:45:00	38.5918	38.7	38.56	38.6	418785
2023-05-26 15:00:00	38.6	38.645	38.55	38.615	418319
2023-05-26 15:15:00	38.615	38.625	38.47	38.475	499836
2023-05-26 15:30:00	38.475	38.4862	38.4	38.45	652357
2023-05-26 15:45:00	38.45	38.47	38.35	38.46	1276343
2023-05-26 16:00:00	38.45	38.46	38.39	38.43	183314
2023-05-26 16:15:00	38.45	38.47	38.45	38.47	870
2023-05-26 16:30:00	38.55	38.59	38.53	38.53	21892
2023-05-26 16:45:00	38.55	38.57	38.55	38.57	1707
2023-05-26 17:00:00	38.51	38.53	38.49	38.49	1803
2023-05-26 17:15:00	38.56	38.58	38.55	38.58	985
2023-05-26 17:30:00	38.48	38.48	38.45	38.45	673
2023-05-26 18:00:00	38.5417	38.5417	38.5417	38.5417	201
2023-05-26 18:15:00	38.52	38.58	38.511	38.58	2350
2023-05-26 18:30:00	38.57	38.6	38.54	38.54	2313
2023-05-26 18:45:00	38.46	38.48	38.46	38.46	1124
2023-05-26 19:15:00	38.58	38.58	38.58	38.58	100
2023-05-26 19:30:00	38.45	38.47	38.45	38.45	3176
2023-05-26 19:45:00	38.43	38.46	38.43	38.46	1069
2023-05-30 04:00:00	38.58	39.89	38.58	38.97	1183
2023-05-30 04:15:00	38.8	39.0	38.8	38.98	2090
2023-05-30 04:30:00	38.9	38.99	38.86	38.99	2283
2023-05-30 05:15:00	38.96	38.96	38.92	38.92	613
2023-05-30 05:30:00	39.03	39.03	38.91	38.92	1630
2023-05-30 05:45:00	38.93	38.93	38.93	38.93	112
2023-05-30 06:00:00	39.06	39.06	39.06	39.06	1000
2023-05-30 06:15:00	39.14	39.15	39.14	39.15	1551
2023-05-30 06:45:00	39.11	39.11	39.11	39.11	203
2023-05-30 07:00:00	39.02	39.28	39.02	39.1	14541
2023-05-30 07:15:00	39.1	39.1	38.97	38.97	7064
2023-05-30 07:30:00	38.92	39.0	38.92	39.0	1231
2023-05-30 07:45:00	39.0	39.09	38.98	39.09	3872
2023-05-30 08:00:00	39.12	39.1799	38.354	39.1799	20061
2023-05-30 08:15:00	39.0032	39.0032	38.9	38.9	3569
2023-05-30 08:30:00	38.75	38.93	38.75	38.91	5969
2023-05-30 08:45:00	38.8747	38.8747	38.87	38.87	1001
2023-05-30 09:00:00	38.89	38.89	38.6	38.76	7768
2023-05-30 09:15:00	38.78	38.9096	38.56	38.56	25490
2023-05-30 09:30:00	38.73	39.06	38.61	38.62	1778200
2023-05-30 09:45:00	38.625	38.79	38.065	38.16	1035223
2023-05-30 10:00:00	38.15	38.335	38.09	38.26	965057
2023-05-30 10:15:00	38.265	38.41	37.7515	37.805	1001494
2023-05-30 10:30:00	37.805	37.9	37.72	37.75	818689
2023-05-30 10:45:00	37.76	37.98	37.665	37.6899	848493
2023-05-30 11:00:00	37.685	37.87	37.68	37.865	646086
2023-05-30 11:15:00	37.87	37.93	37.73	37.925	483015
2023-05-30 11:30:00	37.92	37.96	37.855	37.8875	349279
2023-05-30 11:45:00	37.88	38.01	37.85	37.91	423924
2023-05-30 12:00:00	37.915	37.975	37.85	37.92	289103
2023-05-30 12:15:00	37.915	37.94	37.765	37.765	377576
2023-05-30 12:30:00	37.76	37.84	37.7	37.725	443927
2023-05-30 12:45:00	37.725	37.84	37.725	37.83	491873
2023-05-30 13:00:00	37.82	37.865	37.75	37.805	332893
2023-05-30 13:15:00	37.805	37.855	37.78	37.82	294722
2023-05-30 13:30:00	37.81	37.86	37.75	37.78	318245
2023-05-30 13:45:00	37.78	37.9	37.77	37.87	364989
2023-05-30 14:00:00	37.865	37.87	37.79	37.795	377230
2023-05-30 14:15:00	37.79	37.8599	37.75	37.81	362299
2023-05-30 14:30:00	37.8	37.88	37.8	37.82	344699
2023-05-30 14:45:00	37.82	37.88	37.795	37.805	355748
2023-05-30 15:00:00	37.81	37.855	37.755	37.77	334036
2023-05-30 15:15:00	37.77	37.8	37.705	37.715	395303
2023-05-30 15:30:00	37.72	37.795	37.69	37.7554	690376
2023-05-30 15:45:00	37.755	37.76	37.56	37.56	1822407
2023-05-30 16:00:00	37.56	37.68	37.56	37.56	145534
2023-05-30 16:15:00	37.55	37.55	37.55	37.55	228
2023-05-30 16:30:00	37.62	37.63	37.5	37.53	3477
2023-05-30 16:45:00	37.55	37.59	37.55	37.59	1471
2023-05-30 17:00:00	37.6	37.6	37.6	37.6	512
2023-05-30 17:15:00	37.55	37.59	37.55	37.55	4502
2023-05-30 17:30:00	37.55	37.57	37.55	37.57	1111
2023-05-30 17:45:00	37.55	37.6	37.55	37.6	2561
2023-05-30 18:00:00	37.57	37.57	37.55	37.55	1419
2023-05-30 18:15:00	37.5499	37.55	37.52	37.55	3213
2023-05-30 18:30:00	37.52	37.56	37.52	37.56	830
2023-05-30 18:45:00	37.52	37.55	37.52	37.55	500
2023-05-30 19:00:00	37.56	37.56	37.52	37.52	3363
2023-05-30 19:15:00	37.56	37.56	37.56	37.56	356
2023-05-30 19:30:00	37.56	37.56	37.56	37.56	1509
2023-05-30 19:45:00	37.53	37.56	37.52	37.54	2681
2023-05-31 04:00:00	37.51	37.51	37.5	37.5	1893
2023-05-31 04:30:00	37.41	37.41	37.4	37.4	871
2023-05-31 06:30:00	37.38	37.38	37.37	37.37	231
2023-05-31 07:00:00	37.48	37.5	37.48	37.5	2223
2023-05-31 07:15:00	37.4	37.4	37.35	37.35	1491
2023-05-31 07:30:00	37.31	37.31	37.22	37.23	2619
2023-05-31 07:45:00	37.25	37.49	37.22	37.46	8704
2023-05-31 08:00:00	37.25	37.53	37.2	37.24	22865
2023-05-31 08:15:00	37.25	37.25	37.2	37.2	7139
2023-05-31 08:30:00	37.21	37.3	37.2	37.3	2851
2023-05-31 08:45:00	37.3498	37.35	37.2	37.2	7779
2023-05-31 09:00:00	37.2	37.25	37.2	37.25	9898
2023-05-31 09:15:00	37.25	37.29	37.2	37.23	9986
2023-05-31 09:30:00	37.25	37.89	37.1904	37.82	1257238
2023-05-31 09:45:00	37.82	38.04	37.78	37.97	885418
2023-05-31 10:00:00	37.96	38.05	37.77	37.78	842156
2023-05-31 10:15:00	37.79	37.86	37.49	37.815	940798
2023-05-31 10:30:00	37.815	37.935	37.51	37.53	731362
2023-05-31 10:45:00	37.52	37.76	37.31	37.32	764814
2023-05-31 11:00:00	37.32	37.365	37.11	37.17	1182234
2023-05-31 11:15:00	37.18	37.38	37.07	37.345	619394
2023-05-31 11:30:00	37.345	37.44	37.28	37.375	396601
2023-05-31 11:45:00	37.375	37.56	37.36	37.4819	322124
2023-05-31 12:00:00	37.485	37.55	37.38	37.53	264472
2023-05-31 12:15:00	37.525	37.525	37.45	37.46	236264
2023-05-31 12:30:00	37.455	37.47	37.21	37.245	489934
2023-05-31 12:45:00	37.25	37.3	37.15	37.245	435357
2023-05-31 13:00:00	37.245	37.365	37.215	37.355	273381
2023-05-31 13:15:00	37.355	37.43	37.33	37.395	320227
2023-05-31 13:30:00	37.395	37.52	37.395	37.485	483279
2023-05-31 13:45:00	37.485	37.57	37.43	37.545	380812
2023-05-31 14:00:00	37.545	37.7	37.52	37.625	567206
2023-05-31 14:15:00	37.6272	37.72	37.55	37.715	465684
2023-05-31 14:30:00	37.715	37.715	37.59	37.705	408715
2023-05-31 14:45:00	37.705	37.75	37.565	37.67	625716
2023-05-31 15:00:00	37.665	37.705	37.552	37.595	441409
2023-05-31 15:15:00	37.595	37.67	37.56	37.665	551829
2023-05-31 15:30:00	37.665	37.91	37.65	37.87	1015347
2023-05-31 15:45:00	37.88	37.97	37.83	37.95	3239029
2023-05-31 16:00:00	37.93	37.93	37.85	37.9083	2521228
2023-05-31 16:15:00	37.9	37.93	37.83	37.87	690430
2023-05-31 16:30:00	37.88	38.01	37.87	37.88	11656
2023-05-31 16:45:00	37.88	37.89	37.85	37.85	3679
2023-05-31 17:00:00	37.83	37.85	37.83	37.85	858
2023-05-31 17:15:00	37.84	37.981	37.84	37.8471	1312
2023-05-31 17:30:00	38.0	38.0	37.98	37.98	6001
2023-05-31 17:45:00	37.9955	38.0	37.9955	38.0	433
2023-05-31 18:00:00	37.94	37.94	37.9399	37.94	1410
2023-05-31 18:15:00	37.9353	37.94	37.9353	37.94	405
2023-05-31 18:30:00	37.9	37.9	37.9	37.9	100
2023-05-31 19:00:00	37.94	37.94	37.94	37.94	212
2023-05-31 19:30:00	37.85	37.94	37.85	37.94	863
2023-05-31 19:45:00	37.94	37.9499	37.85	37.85	899
2023-06-01 04:00:00	37.8	37.8	37.8	37.8	176
2023-06-01 06:00:00	38.04	38.09	38.04	38.09	349
2023-06-01 07:00:00	37.98	37.98	37.94	37.98	921
2023-06-01 07:15:00	38.0	38.11	38.0	38.11	2012
2023-06-01 07:30:00	38.09	38.09	38.09	38.09	200
2023-06-01 07:45:00	38.05	38.08	38.05	38.05	569
2023-06-01 08:00:00	37.98	38.1	37.93	38.04	89867
2023-06-01 08:15:00	38.0	38.0447	37.85	38.0	6662
2023-06-01 08:30:00	38.08	38.09	37.95	38.0	5175
2023-06-01 08:45:00	38.0	38.0779	37.95	38.0	4603
2023-06-01 09:00:00	38.0	38.0	37.93	37.96	2269
2023-06-01 09:15:00	37.99	37.99	37.43	37.62	15249
2023-06-01 09:30:00	37.5	38.04	37.485	37.82	1087109
2023-06-01 09:45:00	37.825	37.89	37.54	37.67	844761
2023-06-01 10:00:00	37.69	37.7	37.36	37.5334	970529
2023-06-01 10:15:00	37.52	37.565	37.27	37.4713	607024
2023-06-01 10:30:00	37.47	37.61	37.265	37.56	714035
2023-06-01 10:45:00	37.56	37.83	37.56	37.778	785863
2023-06-01 11:00:00	37.78	37.82	37.65	37.76	494069
2023-06-01 11:15:00	37.76	37.85	37.73	37.82	490263
2023-06-01 11:30:00	37.82	37.97	37.775	37.905	402516
2023-06-01 11:45:00	37.9009	38.03	37.881	37.985	597190
2023-06-01 12:00:00	37.99	38.1	37.9424	38.05	314982
2023-06-01 12:15:00	38.05	38.25	38.02	38.155	460017
2023-06-01 12:30:00	38.16	38.18	38.02	38.075	378272
2023-06-01 12:45:00	38.075	38.21	38.0	38.205	459389
2023-06-01 13:00:00	38.21	38.36	38.15	38.31	421640
2023-06-01 13:15:00	38.32	38.32	38.17	38.1924	460631
2023-06-01 13:30:00	38.1913	38.34	38.145	38.3133	345997
2023-06-01 13:45:00	38.32	38.395	38.255	38.33	374043
2023-06-01 14:00:00	38.325	38.43	38.32	38.42	361233
2023-06-01 14:15:00	38.415	38.49	38.3786	38.4709	432094
2023-06-01 14:30:00	38.47	38.47	38.39	38.445	390490
2023-06-01 14:45:00	38.44	38.5	38.41	38.4543	456429
2023-06-01 15:00:00	38.455	38.48	38.415	38.45	423916
2023-06-01 15:15:00	38.455	38.465	38.3123	38.335	483223
2023-06-01 15:30:00	38.33	38.36	38.2125	38.335	678894
2023-06-01 15:45:00	38.33	38.49	38.33	38.49	2230809
2023-06-01 16:00:00	38.48	38.5	38.256	38.48	145287
2023-06-01 16:15:00	38.48	38.5	38.35	38.41	3805
2023-06-01 16:30:00	38.49	38.49	38.4	38.4	3529
2023-06-01 16:45:00	38.49	38.49	38.35	38.42	3477
2023-06-01 17:15:00	38.48	38.48	38.48	38.48	1242
2023-06-01 17:45:00	38.48	38.48	38.32	38.48	25546
2023-06-01 18:15:00	38.45	38.48	38.31	38.48	1109
2023-06-01 18:30:00	38.326	38.4	38.326	38.4	200
2023-06-01 18:45:00	38.44	38.44	38.44	38.44	201
2023-06-01 19:00:00	38.4794	38.4794	38.46	38.47	677
2023-06-01 19:15:00	38.46	38.46	38.41	38.41	311
2023-06-01 19:30:00	38.42	38.42	38.33	38.35	9644
2023-06-01 19:45:00	38.48	38.48	38.48	38.48	250
2023-06-02 04:00:00	38.49	38.5	38.49	38.5	710
2023-06-02 04:15:00	38.62	38.62	38.62	38.62	590
2023-06-02 04:30:00	38.65	38.65	38.65	38.65	100
2023-06-02 04:45:00	38.65	38.65	38.65	38.65	595
2023-06-02 05:15:00	38.75	38.75	38.68	38.74	1007
2023-06-02 05:30:00	38.83	38.83	38.83	38.83	300
2023-06-02 06:45:00	38.82	38.82	38.82	38.82	200
2023-06-02 07:00:00	38.88	38.88	38.75	38.85	3129
2023-06-02 07:15:00	38.86	38.89	38.86	38.88	1092
2023-06-02 07:30:00	38.93	38.94	38.9	38.94	810
2023-06-02 07:45:00	38.87	38.9	38.87	38.9	1278
2023-06-02 08:00:00	38.85	38.92	38.75	38.85	7073
2023-06-02 08:15:00	38.82	38.82	38.8	38.82	4973
2023-06-02 08:30:00	38.77	38.85	38.77	38.85	7033
2023-06-02 08:45:00	38.84	38.97	38.79	38.88	15006
2023-06-02 09:00:00	38.88	38.95	38.88	38.92	8682
2023-06-02 09:15:00	38.94	38.97	38.83	38.97	9067
2023-06-02 09:30:00	39.0	39.89	39.0	39.45	2062565
2023-06-02 09:45:00	39.44	39.5499	39.1	39.23	1220472
2023-06-02 10:00:00	39.235	39.265	39.0225	39.19	1189297
2023-06-02 10:15:00	39.2	39.275	39.1	39.22	649585
2023-06-02 10:30:00	39.22	39.255	39.07	39.24	665588
2023-06-02 10:45:00	39.235	39.31	39.085	39.165	846124
2023-06-02 11:00:00	39.17	39.39	39.145	39.36	898364
2023-06-02 11:15:00	39.3567	39.49	39.35	39.465	669421
2023-06-02 11:30:00	39.465	39.59	39.38	39.58	891864
2023-06-02 11:45:00	39.58	39.62	39.47	39.565	618328
2023-06-02 12:00:00	39.57	39.635	39.465	39.525	618451
2023-06-02 12:15:00	39.525	39.57	39.48	39.57	467399
2023-06-02 12:30:00	39.5631	39.615	39.47	39.49	451359
2023-06-02 12:45:00	39.495	39.6	39.49	39.53	401805
2023-06-02 13:00:00	39.535	39.605	39.46	39.6	358193
2023-06-02 13:15:00	39.595	39.8	39.595	39.795	615546
2023-06-02 13:30:00	39.795	39.81	39.655	39.71	633608
2023-06-02 13:45:00	39.71	39.72	39.6	39.635	491524
2023-06-02 14:00:00	39.635	39.7	39.58	39.6	633249
2023-06-02 14:15:00	39.605	39.66	39.54	39.635	398421
2023-06-02 14:30:00	39.635	39.66	39.59	39.5916	284438
2023-06-02 14:45:00	39.59	39.69	39.58	39.6803	296137
2023-06-02 15:00:00	39.69	39.7	39.615	39.6313	468980
2023-06-02 15:15:00	39.64	39.68	39.58	39.5899	655942
2023-06-02 15:30:00	39.58	39.69	39.555	39.6769	864881
2023-06-02 15:45:00	39.675	39.74	39.6	39.73	2006160
2023-06-02 16:00:00	39.73	39.73	39.65	39.7	241590
2023-06-02 16:15:00	39.67	39.67	39.66	39.66	1240
2023-06-02 16:30:00	39.7	39.7	39.6601	39.67	707
2023-06-02 16:45:00	39.67	39.72	39.67	39.68	2207
2023-06-02 17:00:00	39.69	39.73	39.69	39.73	6454
2023-06-02 17:15:00	39.7499	39.75	39.7499	39.75	11977
2023-06-02 17:30:00	39.7	39.7	39.7	39.7	1201
2023-06-02 17:45:00	39.7	39.7	39.7	39.7	125
2023-06-02 18:15:00	39.7	39.7	39.7	39.7	150
2023-06-02 18:30:00	39.72	39.72	39.72	39.72	856
2023-06-02 18:45:00	39.7	39.72	39.66	39.72	2201
2023-06-02 19:00:00	39.72	39.72	39.7	39.72	1341
2023-06-02 19:15:00	39.72	39.72	39.72	39.72	600
2023-06-02 19:30:00	39.7104	39.7104	39.71	39.71	740
2023-06-02 19:45:00	39.7199	39.7199	39.7199	39.7199	301
